solid doomsdaybase
facet normal 0.9914448613738053 0.1305261922200907 0.0
  outer loop
    vertex 902.3272825687969 368.8743342590114 1.9999999999999998
    vertex 902.7191355664727 365.8979152403324 3.0
    vertex 902.7191355664727 365.8979152403324 1.9999999999999998
  endloop
endfacet
facet normal 0.9914448613738053 0.1305261922200907 0.0
  outer loop
    vertex 902.7191355664727 365.8979152403324 3.0
    vertex 902.3272825687969 368.8743342590114 1.9999999999999998
    vertex 902.3272825687969 368.8743342590114 3.0
  endloop
endfacet
facet normal 0.9238795325112852 0.38268343236509356 0.0
  outer loop
    vertex 901.1784277099937 371.6479152403324 1.9999999999999998
    vertex 902.3272825687969 368.8743342590114 3.0
    vertex 902.3272825687969 368.8743342590114 1.9999999999999998
  endloop
endfacet
facet normal 0.9238795325112852 0.38268343236509356 0.0
  outer loop
    vertex 902.3272825687969 368.8743342590114 3.0
    vertex 901.1784277099937 371.6479152403324 1.9999999999999998
    vertex 901.1784277099937 371.6479152403324 3.0
  endloop
endfacet
facet normal 0.991444861373805 -0.13052619222009265 0.0
  outer loop
    vertex 902.7191355664727 365.8979152403324 1.9999999999999998
    vertex 902.3272825687969 362.9214962216534 3.0
    vertex 902.3272825687969 362.9214962216534 1.9999999999999998
  endloop
endfacet
facet normal 0.991444861373805 -0.13052619222009265 0.0
  outer loop
    vertex 902.3272825687969 362.9214962216534 3.0
    vertex 902.7191355664727 365.8979152403324 1.9999999999999998
    vertex 902.7191355664727 365.8979152403324 3.0
  endloop
endfacet
facet normal 2.51703201952117e-47 4.8996986831137116e-32 1.0
  outer loop
    vertex 888.2427165477936 354.7897682380081 3.0
    vertex 885.4691355664727 362.8979152403324 3.0
    vertex 885.4691355664727 355.93862309681134 3.0
  endloop
endfacet
facet normal 2.51703201952117e-47 4.8996986831137116e-32 1.0
  outer loop
    vertex 885.4691355664727 362.8979152403324 3.0
    vertex 888.2427165477936 354.7897682380081 3.0
    vertex 897.2191355664727 362.8979152403324 3.0
  endloop
endfacet
facet normal 2.51703201952117e-47 4.8996986831137116e-32 1.0
  outer loop
    vertex 897.2191355664727 362.8979152403324 3.0
    vertex 888.2427165477936 354.7897682380081 3.0
    vertex 891.2191355664726 354.3979152403324 3.0
  endloop
endfacet
facet normal 2.51703201952117e-47 4.8996986831137116e-32 1.0
  outer loop
    vertex 897.2191355664727 362.8979152403324 3.0
    vertex 891.2191355664726 354.3979152403324 3.0
    vertex 894.1955545851516 354.7897682380081 3.0
  endloop
endfacet
facet normal 2.51703201952117e-47 4.8996986831137116e-32 1.0
  outer loop
    vertex 897.2191355664727 362.8979152403324 3.0
    vertex 894.1955545851516 354.7897682380081 3.0
    vertex 896.9691355664726 355.93862309681134 3.0
  endloop
endfacet
facet normal 2.51703201952117e-47 4.8996986831137116e-32 1.0
  outer loop
    vertex 897.2191355664727 362.8979152403324 3.0
    vertex 896.9691355664726 355.93862309681134 3.0
    vertex 899.350863550118 357.7661872566871 3.0
  endloop
endfacet
facet normal 2.51703201952117e-47 4.8996986831137116e-32 1.0
  outer loop
    vertex 897.2191355664727 362.8979152403324 3.0
    vertex 899.350863550118 357.7661872566871 3.0
    vertex 897.2191355664727 368.8979152403324 3.0
  endloop
endfacet
facet normal 2.51703201952117e-47 4.8996986831137116e-32 1.0
  outer loop
    vertex 897.2191355664727 368.8979152403324 3.0
    vertex 899.350863550118 357.7661872566871 3.0
    vertex 899.3508635501179 374.0296432239777 3.0
  endloop
endfacet
facet normal 2.51703201952117e-47 4.8996986831137116e-32 1.0
  outer loop
    vertex 899.3508635501179 374.0296432239777 3.0
    vertex 899.350863550118 357.7661872566871 3.0
    vertex 901.1784277099937 371.6479152403324 3.0
  endloop
endfacet
facet normal 2.51703201952117e-47 4.8996986831137116e-32 1.0
  outer loop
    vertex 901.1784277099937 371.6479152403324 3.0
    vertex 899.350863550118 357.7661872566871 3.0
    vertex 901.1784277099937 360.1479152403324 3.0
  endloop
endfacet
facet normal 2.51703201952117e-47 4.8996986831137116e-32 1.0
  outer loop
    vertex 901.1784277099937 371.6479152403324 3.0
    vertex 901.1784277099937 360.1479152403324 3.0
    vertex 902.3272825687969 362.9214962216534 3.0
  endloop
endfacet
facet normal 2.51703201952117e-47 4.8996986831137116e-32 1.0
  outer loop
    vertex 901.1784277099937 371.6479152403324 3.0
    vertex 902.3272825687969 362.9214962216534 3.0
    vertex 902.3272825687969 368.8743342590114 3.0
  endloop
endfacet
facet normal 2.51703201952117e-47 4.8996986831137116e-32 1.0
  outer loop
    vertex 902.3272825687969 368.8743342590114 3.0
    vertex 902.3272825687969 362.9214962216534 3.0
    vertex 902.7191355664727 365.8979152403324 3.0
  endloop
endfacet
facet normal 2.51703201952117e-47 4.8996986831137116e-32 1.0
  outer loop
    vertex 880.1109885641483 362.9214962216534 3.0
    vertex 880.1109885641483 368.8743342590114 3.0
    vertex 879.7191355664726 365.8979152403324 3.0
  endloop
endfacet
facet normal 2.51703201952117e-47 4.8996986831137116e-32 1.0
  outer loop
    vertex 880.1109885641483 368.8743342590114 3.0
    vertex 880.1109885641483 362.9214962216534 3.0
    vertex 881.2598434229516 360.1479152403324 3.0
  endloop
endfacet
facet normal 2.51703201952117e-47 4.8996986831137116e-32 1.0
  outer loop
    vertex 880.1109885641483 368.8743342590114 3.0
    vertex 881.2598434229516 360.1479152403324 3.0
    vertex 881.2598434229516 371.6479152403324 3.0
  endloop
endfacet
facet normal 2.51703201952117e-47 4.8996986831137116e-32 1.0
  outer loop
    vertex 881.2598434229516 371.6479152403324 3.0
    vertex 881.2598434229516 360.1479152403324 3.0
    vertex 883.0874075828273 357.7661872566871 3.0
  endloop
endfacet
facet normal 2.51703201952117e-47 4.8996986831137116e-32 1.0
  outer loop
    vertex 881.2598434229516 371.6479152403324 3.0
    vertex 883.0874075828273 357.7661872566871 3.0
    vertex 883.0874075828273 374.0296432239777 3.0
  endloop
endfacet
facet normal 2.51703201952117e-47 4.8996986831137116e-32 1.0
  outer loop
    vertex 883.0874075828273 374.0296432239777 3.0
    vertex 883.0874075828273 357.7661872566871 3.0
    vertex 885.4691355664727 355.93862309681134 3.0
  endloop
endfacet
facet normal 2.51703201952117e-47 4.8996986831137116e-32 1.0
  outer loop
    vertex 883.0874075828273 374.0296432239777 3.0
    vertex 885.4691355664727 355.93862309681134 3.0
    vertex 885.4691355664727 375.85720738385345 3.0
  endloop
endfacet
facet normal 2.51703201952117e-47 4.8996986831137116e-32 1.0
  outer loop
    vertex 885.4691355664727 375.85720738385345 3.0
    vertex 885.4691355664727 355.93862309681134 3.0
    vertex 885.4691355664727 362.8979152403324 3.0
  endloop
endfacet
facet normal 2.51703201952117e-47 4.8996986831137116e-32 1.0
  outer loop
    vertex 885.4691355664727 375.85720738385345 3.0
    vertex 885.4691355664727 362.8979152403324 3.0
    vertex 885.4691355664727 368.8979152403324 3.0
  endloop
endfacet
facet normal 2.51703201952117e-47 4.8996986831137116e-32 1.0
  outer loop
    vertex 885.4691355664727 375.85720738385345 3.0
    vertex 885.4691355664727 368.8979152403324 3.0
    vertex 897.2191355664727 368.8979152403324 3.0
  endloop
endfacet
facet normal 2.51703201952117e-47 4.8996986831137116e-32 1.0
  outer loop
    vertex 885.4691355664727 375.85720738385345 3.0
    vertex 897.2191355664727 368.8979152403324 3.0
    vertex 888.2427165477936 377.0060622426567 3.0
  endloop
endfacet
facet normal 2.51703201952117e-47 4.8996986831137116e-32 1.0
  outer loop
    vertex 888.2427165477936 377.0060622426567 3.0
    vertex 897.2191355664727 368.8979152403324 3.0
    vertex 891.2191355664726 377.3979152403324 3.0
  endloop
endfacet
facet normal 2.51703201952117e-47 4.8996986831137116e-32 1.0
  outer loop
    vertex 891.2191355664726 377.3979152403324 3.0
    vertex 897.2191355664727 368.8979152403324 3.0
    vertex 894.1955545851516 377.0060622426567 3.0
  endloop
endfacet
facet normal 2.51703201952117e-47 4.8996986831137116e-32 1.0
  outer loop
    vertex 894.1955545851516 377.0060622426567 3.0
    vertex 897.2191355664727 368.8979152403324 3.0
    vertex 896.9691355664726 375.85720738385345 3.0
  endloop
endfacet
facet normal 2.51703201952117e-47 4.8996986831137116e-32 1.0
  outer loop
    vertex 896.9691355664726 375.85720738385345 3.0
    vertex 897.2191355664727 368.8979152403324 3.0
    vertex 899.3508635501179 374.0296432239777 3.0
  endloop
endfacet
facet normal 0.991444861373805 0.13052619222009307 0.0
  outer loop
    vertex 876.7191355664725 365.8979152403324 0.0
    vertex 877.2132110852812 362.14503908634583 0.9999999999999999
    vertex 877.2132110852812 362.14503908634583 0.0
  endloop
endfacet
facet normal 0.991444861373805 0.13052619222009307 0.0
  outer loop
    vertex 877.2132110852812 362.14503908634583 0.9999999999999999
    vertex 876.7191355664725 365.8979152403324 0.0
    vertex 876.7191355664725 365.8979152403324 0.9999999999999999
  endloop
endfacet
facet normal 0.991444861373805 -0.13052619222009307 0.0
  outer loop
    vertex 877.2132110852812 369.65079139431896 0.0
    vertex 876.7191355664725 365.8979152403324 0.9999999999999999
    vertex 876.7191355664725 365.8979152403324 0.0
  endloop
endfacet
facet normal 0.991444861373805 -0.13052619222009307 0.0
  outer loop
    vertex 876.7191355664725 365.8979152403324 0.9999999999999999
    vertex 877.2132110852812 369.65079139431896 0.0
    vertex 877.2132110852812 369.65079139431896 0.9999999999999999
  endloop
endfacet
facet normal 0.7933533402912404 -0.6087614290087138 0.0
  outer loop
    vertex 880.9660872392676 376.1509635675373 0.0
    vertex 878.6617672115983 373.1479152403324 0.9999999999999999
    vertex 878.6617672115983 373.1479152403324 0.0
  endloop
endfacet
facet normal 0.7933533402912404 -0.6087614290087138 0.0
  outer loop
    vertex 878.6617672115983 373.1479152403324 0.9999999999999999
    vertex 880.9660872392676 376.1509635675373 0.0
    vertex 880.9660872392676 376.1509635675373 0.9999999999999999
  endloop
endfacet
facet normal 0.1305261922200493 0.9914448613738107 0.0
  outer loop
    vertex 887.4662594124861 351.89199075914087 0.9999999999999999
    vertex 891.2191355664726 351.3979152403324 0.0
    vertex 887.4662594124861 351.89199075914087 0.0
  endloop
endfacet
facet normal 0.1305261922200493 0.9914448613738107 0.0
  outer loop
    vertex 891.2191355664726 351.3979152403324 0.0
    vertex 887.4662594124861 351.89199075914087 0.9999999999999999
    vertex 891.2191355664726 351.3979152403324 0.9999999999999999
  endloop
endfacet
facet normal 0.9238795325112893 -0.38268343236508373 0.0
  outer loop
    vertex 878.6617672115983 373.1479152403324 0.0
    vertex 877.2132110852812 369.65079139431896 0.9999999999999999
    vertex 877.2132110852812 369.65079139431896 0.0
  endloop
endfacet
facet normal 0.9238795325112893 -0.38268343236508373 0.0
  outer loop
    vertex 877.2132110852812 369.65079139431896 0.9999999999999999
    vertex 878.6617672115983 373.1479152403324 0.0
    vertex 878.6617672115983 373.1479152403324 0.9999999999999999
  endloop
endfacet
facet normal 0.6087614290087098 -0.7933533402912435 0.0
  outer loop
    vertex 883.9691355664727 378.45528359520677 0.9999999999999999
    vertex 880.9660872392676 376.1509635675373 0.0
    vertex 883.9691355664727 378.45528359520677 0.0
  endloop
endfacet
facet normal 0.6087614290087098 -0.7933533402912435 0.0
  outer loop
    vertex 880.9660872392676 376.1509635675373 0.0
    vertex 883.9691355664727 378.45528359520677 0.9999999999999999
    vertex 880.9660872392676 376.1509635675373 0.9999999999999999
  endloop
endfacet
facet normal 0.38268343236508967 -0.9238795325112868 0.0
  outer loop
    vertex 887.4662594124861 379.90383972152387 0.9999999999999999
    vertex 883.9691355664727 378.45528359520677 0.0
    vertex 887.4662594124861 379.90383972152387 0.0
  endloop
endfacet
facet normal 0.38268343236508967 -0.9238795325112868 0.0
  outer loop
    vertex 883.9691355664727 378.45528359520677 0.0
    vertex 887.4662594124861 379.90383972152387 0.9999999999999999
    vertex 883.9691355664727 378.45528359520677 0.9999999999999999
  endloop
endfacet
facet normal 0.13052619222004924 -0.9914448613738107 0.0
  outer loop
    vertex 891.2191355664726 380.3979152403324 0.9999999999999999
    vertex 887.4662594124861 379.90383972152387 0.0
    vertex 891.2191355664726 380.3979152403324 0.0
  endloop
endfacet
facet normal 0.13052619222004924 -0.9914448613738107 0.0
  outer loop
    vertex 887.4662594124861 379.90383972152387 0.0
    vertex 891.2191355664726 380.3979152403324 0.9999999999999999
    vertex 887.4662594124861 379.90383972152387 0.9999999999999999
  endloop
endfacet
facet normal 0.38268343236508967 0.9238795325112868 0.0
  outer loop
    vertex 883.9691355664727 353.340546885458 0.9999999999999999
    vertex 887.4662594124861 351.89199075914087 0.0
    vertex 883.9691355664727 353.340546885458 0.0
  endloop
endfacet
facet normal 0.38268343236508967 0.9238795325112868 0.0
  outer loop
    vertex 887.4662594124861 351.89199075914087 0.0
    vertex 883.9691355664727 353.340546885458 0.9999999999999999
    vertex 887.4662594124861 351.89199075914087 0.9999999999999999
  endloop
endfacet
facet normal 0.6087614290087098 0.7933533402912435 0.0
  outer loop
    vertex 880.9660872392676 355.64486691312743 0.9999999999999999
    vertex 883.9691355664727 353.340546885458 0.0
    vertex 880.9660872392676 355.64486691312743 0.0
  endloop
endfacet
facet normal 0.6087614290087098 0.7933533402912435 0.0
  outer loop
    vertex 883.9691355664727 353.340546885458 0.0
    vertex 880.9660872392676 355.64486691312743 0.9999999999999999
    vertex 883.9691355664727 353.340546885458 0.9999999999999999
  endloop
endfacet
facet normal 0.7933533402912449 0.6087614290087081 0.0
  outer loop
    vertex 878.6617672115983 358.6479152403324 0.0
    vertex 880.9660872392676 355.64486691312743 0.9999999999999999
    vertex 880.9660872392676 355.64486691312743 0.0
  endloop
endfacet
facet normal 0.7933533402912449 0.6087614290087081 0.0
  outer loop
    vertex 880.9660872392676 355.64486691312743 0.9999999999999999
    vertex 878.6617672115983 358.6479152403324 0.0
    vertex 878.6617672115983 358.6479152403324 0.9999999999999999
  endloop
endfacet
facet normal 0.9238795325112875 0.38268343236508795 0.0
  outer loop
    vertex 877.2132110852812 362.14503908634583 0.0
    vertex 878.6617672115983 358.6479152403324 0.9999999999999999
    vertex 878.6617672115983 358.6479152403324 0.0
  endloop
endfacet
facet normal 0.9238795325112875 0.38268343236508795 0.0
  outer loop
    vertex 878.6617672115983 358.6479152403324 0.9999999999999999
    vertex 877.2132110852812 362.14503908634583 0.0
    vertex 877.2132110852812 362.14503908634583 0.9999999999999999
  endloop
endfacet
facet normal -0.38268343236508967 0.9238795325112868 0.0
  outer loop
    vertex 894.9720117204591 351.89199075914087 0.9999999999999999
    vertex 898.4691355664726 353.340546885458 0.0
    vertex 894.9720117204591 351.89199075914087 0.0
  endloop
endfacet
facet normal -0.38268343236508967 0.9238795325112868 0.0
  outer loop
    vertex 898.4691355664726 353.340546885458 0.0
    vertex 894.9720117204591 351.89199075914087 0.9999999999999999
    vertex 898.4691355664726 353.340546885458 0.9999999999999999
  endloop
endfacet
facet normal -0.7933533402912404 0.6087614290087138 0.0
  outer loop
    vertex 903.776503921347 358.64791524033234 0.9999999999999999
    vertex 901.4721838936777 355.64486691312743 0.0
    vertex 901.4721838936777 355.64486691312743 0.9999999999999999
  endloop
endfacet
facet normal -0.7933533402912404 0.6087614290087138 0.0
  outer loop
    vertex 901.4721838936777 355.64486691312743 0.0
    vertex 903.776503921347 358.64791524033234 0.9999999999999999
    vertex 903.776503921347 358.64791524033234 0.0
  endloop
endfacet
facet normal -0.13052619222004924 0.9914448613738107 0.0
  outer loop
    vertex 891.2191355664726 351.3979152403324 0.9999999999999999
    vertex 894.9720117204591 351.89199075914087 0.0
    vertex 891.2191355664726 351.3979152403324 0.0
  endloop
endfacet
facet normal -0.13052619222004924 0.9914448613738107 0.0
  outer loop
    vertex 894.9720117204591 351.89199075914087 0.0
    vertex 891.2191355664726 351.3979152403324 0.9999999999999999
    vertex 894.9720117204591 351.89199075914087 0.9999999999999999
  endloop
endfacet
facet normal -0.6087614290087098 0.7933533402912435 0.0
  outer loop
    vertex 898.4691355664726 353.340546885458 0.9999999999999999
    vertex 901.4721838936777 355.64486691312743 0.0
    vertex 898.4691355664726 353.340546885458 0.0
  endloop
endfacet
facet normal -0.6087614290087098 0.7933533402912435 0.0
  outer loop
    vertex 901.4721838936777 355.64486691312743 0.0
    vertex 898.4691355664726 353.340546885458 0.9999999999999999
    vertex 901.4721838936777 355.64486691312743 0.9999999999999999
  endloop
endfacet
facet normal -0.9238795325112893 0.38268343236508373 0.0
  outer loop
    vertex 905.2250600476641 362.14503908634583 0.9999999999999999
    vertex 903.776503921347 358.64791524033234 0.0
    vertex 903.776503921347 358.64791524033234 0.9999999999999999
  endloop
endfacet
facet normal -0.9238795325112893 0.38268343236508373 0.0
  outer loop
    vertex 903.776503921347 358.64791524033234 0.0
    vertex 905.2250600476641 362.14503908634583 0.9999999999999999
    vertex 905.2250600476641 362.14503908634583 0.0
  endloop
endfacet
facet normal -0.9914448613738112 0.13052619222004622 0.0
  outer loop
    vertex 905.7191355664726 365.8979152403324 0.9999999999999999
    vertex 905.2250600476641 362.14503908634583 0.0
    vertex 905.2250600476641 362.14503908634583 0.9999999999999999
  endloop
endfacet
facet normal -0.9914448613738112 0.13052619222004622 0.0
  outer loop
    vertex 905.2250600476641 362.14503908634583 0.0
    vertex 905.7191355664726 365.8979152403324 0.9999999999999999
    vertex 905.7191355664726 365.8979152403324 0.0
  endloop
endfacet
facet normal 0.13052619222006095 0.9914448613738092 0.0
  outer loop
    vertex 891.2191355664726 380.3979152403324 0.9999999999999999
    vertex 894.9720117204591 379.90383972152387 0.0
    vertex 891.2191355664726 380.3979152403324 0.0
  endloop
endfacet
facet normal 0.13052619222006095 0.9914448613738092 0.0
  outer loop
    vertex 894.9720117204591 379.90383972152387 0.0
    vertex 891.2191355664726 380.3979152403324 0.9999999999999999
    vertex 894.9720117204591 379.90383972152387 0.9999999999999999
  endloop
endfacet
facet normal 0.9914448613738112 0.13052619222004622 0.0
  outer loop
    vertex 905.2250600476641 369.65079139431896 0.0
    vertex 905.7191355664726 365.8979152403324 0.9999999999999999
    vertex 905.7191355664726 365.8979152403324 0.0
  endloop
endfacet
facet normal 0.9914448613738112 0.13052619222004622 0.0
  outer loop
    vertex 905.7191355664726 365.8979152403324 0.9999999999999999
    vertex 905.2250600476641 369.65079139431896 0.0
    vertex 905.2250600476641 369.65079139431896 0.9999999999999999
  endloop
endfacet
facet normal 0.0 0.0 1.0
  outer loop
    vertex 877.2132110852812 362.14503908634583 0.0
    vertex 877.2132110852812 369.65079139431896 0.0
    vertex 876.7191355664725 365.8979152403324 0.0
  endloop
endfacet
facet normal 0.0 0.0 1.0
  outer loop
    vertex 877.2132110852812 369.65079139431896 0.0
    vertex 877.2132110852812 362.14503908634583 0.0
    vertex 878.6617672115983 358.6479152403324 0.0
  endloop
endfacet
facet normal 0.0 0.0 1.0
  outer loop
    vertex 877.2132110852812 369.65079139431896 0.0
    vertex 878.6617672115983 358.6479152403324 0.0
    vertex 878.6617672115983 373.1479152403324 0.0
  endloop
endfacet
facet normal 0.0 0.0 1.0
  outer loop
    vertex 878.6617672115983 373.1479152403324 0.0
    vertex 878.6617672115983 358.6479152403324 0.0
    vertex 880.9660872392676 355.64486691312743 0.0
  endloop
endfacet
facet normal 0.0 0.0 1.0
  outer loop
    vertex 878.6617672115983 373.1479152403324 0.0
    vertex 880.9660872392676 355.64486691312743 0.0
    vertex 880.9660872392676 376.1509635675373 0.0
  endloop
endfacet
facet normal 0.0 0.0 1.0
  outer loop
    vertex 880.9660872392676 376.1509635675373 0.0
    vertex 880.9660872392676 355.64486691312743 0.0
    vertex 883.9691355664727 353.340546885458 0.0
  endloop
endfacet
facet normal 0.0 0.0 1.0
  outer loop
    vertex 880.9660872392676 376.1509635675373 0.0
    vertex 883.9691355664727 353.340546885458 0.0
    vertex 883.9691355664727 378.45528359520677 0.0
  endloop
endfacet
facet normal 0.0 0.0 1.0
  outer loop
    vertex 883.9691355664727 378.45528359520677 0.0
    vertex 883.9691355664727 353.340546885458 0.0
    vertex 887.4662594124861 351.89199075914087 0.0
  endloop
endfacet
facet normal 0.0 0.0 1.0
  outer loop
    vertex 883.9691355664727 378.45528359520677 0.0
    vertex 887.4662594124861 351.89199075914087 0.0
    vertex 887.4662594124861 379.90383972152387 0.0
  endloop
endfacet
facet normal 0.0 0.0 1.0
  outer loop
    vertex 887.4662594124861 379.90383972152387 0.0
    vertex 887.4662594124861 351.89199075914087 0.0
    vertex 891.2191355664726 351.3979152403324 0.0
  endloop
endfacet
facet normal 0.0 0.0 1.0
  outer loop
    vertex 887.4662594124861 379.90383972152387 0.0
    vertex 891.2191355664726 351.3979152403324 0.0
    vertex 891.2191355664726 380.3979152403324 0.0
  endloop
endfacet
facet normal 0.0 0.0 1.0
  outer loop
    vertex 891.2191355664726 380.3979152403324 0.0
    vertex 891.2191355664726 351.3979152403324 0.0
    vertex 894.9720117204591 351.89199075914087 0.0
  endloop
endfacet
facet normal 0.0 0.0 1.0
  outer loop
    vertex 891.2191355664726 380.3979152403324 0.0
    vertex 894.9720117204591 351.89199075914087 0.0
    vertex 894.9720117204591 379.90383972152387 0.0
  endloop
endfacet
facet normal 0.0 0.0 1.0
  outer loop
    vertex 894.9720117204591 379.90383972152387 0.0
    vertex 894.9720117204591 351.89199075914087 0.0
    vertex 898.4691355664726 353.340546885458 0.0
  endloop
endfacet
facet normal 0.0 0.0 1.0
  outer loop
    vertex 894.9720117204591 379.90383972152387 0.0
    vertex 898.4691355664726 353.340546885458 0.0
    vertex 898.4691355664726 378.45528359520677 0.0
  endloop
endfacet
facet normal 0.0 0.0 1.0
  outer loop
    vertex 898.4691355664726 378.45528359520677 0.0
    vertex 898.4691355664726 353.340546885458 0.0
    vertex 901.4721838936777 355.64486691312743 0.0
  endloop
endfacet
facet normal 0.0 0.0 1.0
  outer loop
    vertex 898.4691355664726 378.45528359520677 0.0
    vertex 901.4721838936777 355.64486691312743 0.0
    vertex 901.4721838936777 376.1509635675373 0.0
  endloop
endfacet
facet normal 0.0 0.0 1.0
  outer loop
    vertex 901.4721838936777 376.1509635675373 0.0
    vertex 901.4721838936777 355.64486691312743 0.0
    vertex 903.776503921347 358.64791524033234 0.0
  endloop
endfacet
facet normal 0.0 0.0 1.0
  outer loop
    vertex 901.4721838936777 376.1509635675373 0.0
    vertex 903.776503921347 358.64791524033234 0.0
    vertex 903.776503921347 373.14791524033234 0.0
  endloop
endfacet
facet normal 0.0 0.0 1.0
  outer loop
    vertex 903.776503921347 373.14791524033234 0.0
    vertex 903.776503921347 358.64791524033234 0.0
    vertex 905.2250600476641 362.14503908634583 0.0
  endloop
endfacet
facet normal 0.0 0.0 1.0
  outer loop
    vertex 903.776503921347 373.14791524033234 0.0
    vertex 905.2250600476641 362.14503908634583 0.0
    vertex 905.2250600476641 369.65079139431896 0.0
  endloop
endfacet
facet normal 0.0 0.0 1.0
  outer loop
    vertex 905.2250600476641 369.65079139431896 0.0
    vertex 905.2250600476641 362.14503908634583 0.0
    vertex 905.7191355664726 365.8979152403324 0.0
  endloop
endfacet
facet normal 0.9238795325112875 0.38268343236508795 0.0
  outer loop
    vertex 903.776503921347 373.14791524033234 0.0
    vertex 905.2250600476641 369.65079139431896 0.9999999999999999
    vertex 905.2250600476641 369.65079139431896 0.0
  endloop
endfacet
facet normal 0.9238795325112875 0.38268343236508795 0.0
  outer loop
    vertex 905.2250600476641 369.65079139431896 0.9999999999999999
    vertex 903.776503921347 373.14791524033234 0.0
    vertex 903.776503921347 373.14791524033234 0.9999999999999999
  endloop
endfacet
facet normal 0.7933533402912449 0.6087614290087081 0.0
  outer loop
    vertex 901.4721838936777 376.1509635675373 0.0
    vertex 903.776503921347 373.14791524033234 0.9999999999999999
    vertex 903.776503921347 373.14791524033234 0.0
  endloop
endfacet
facet normal 0.7933533402912449 0.6087614290087081 0.0
  outer loop
    vertex 903.776503921347 373.14791524033234 0.9999999999999999
    vertex 901.4721838936777 376.1509635675373 0.0
    vertex 901.4721838936777 376.1509635675373 0.9999999999999999
  endloop
endfacet
facet normal 0.3826834323650795 0.9238795325112911 0.0
  outer loop
    vertex 894.9720117204591 379.90383972152387 0.9999999999999999
    vertex 898.4691355664726 378.45528359520677 0.0
    vertex 894.9720117204591 379.90383972152387 0.0
  endloop
endfacet
facet normal 0.3826834323650795 0.9238795325112911 0.0
  outer loop
    vertex 898.4691355664726 378.45528359520677 0.0
    vertex 894.9720117204591 379.90383972152387 0.9999999999999999
    vertex 898.4691355664726 378.45528359520677 0.9999999999999999
  endloop
endfacet
facet normal 0.6087614290087098 0.7933533402912435 0.0
  outer loop
    vertex 898.4691355664726 378.45528359520677 0.9999999999999999
    vertex 901.4721838936777 376.1509635675373 0.0
    vertex 898.4691355664726 378.45528359520677 0.0
  endloop
endfacet
facet normal 0.6087614290087098 0.7933533402912435 0.0
  outer loop
    vertex 901.4721838936777 376.1509635675373 0.0
    vertex 898.4691355664726 378.45528359520677 0.9999999999999999
    vertex 901.4721838936777 376.1509635675373 0.9999999999999999
  endloop
endfacet
facet normal 0.0 0.0 1.0
  outer loop
    vertex 877.2132110852812 362.14503908634583 0.9999999999999999
    vertex 877.2132110852812 369.65079139431896 0.9999999999999999
    vertex 876.7191355664725 365.8979152403324 0.9999999999999999
  endloop
endfacet
facet normal 0.0 0.0 1.0
  outer loop
    vertex 877.2132110852812 369.65079139431896 0.9999999999999999
    vertex 877.2132110852812 362.14503908634583 0.9999999999999999
    vertex 878.6617672115983 358.6479152403324 0.9999999999999999
  endloop
endfacet
facet normal 0.0 0.0 1.0
  outer loop
    vertex 877.2132110852812 369.65079139431896 0.9999999999999999
    vertex 878.6617672115983 358.6479152403324 0.9999999999999999
    vertex 878.6617672115983 373.1479152403324 0.9999999999999999
  endloop
endfacet
facet normal 0.0 0.0 1.0
  outer loop
    vertex 878.6617672115983 373.1479152403324 0.9999999999999999
    vertex 878.6617672115983 358.6479152403324 0.9999999999999999
    vertex 878.7191355664726 365.8979152403324 0.9999999999999999
  endloop
endfacet
facet normal 0.0 0.0 1.0
  outer loop
    vertex 878.7191355664726 365.8979152403324 0.9999999999999999
    vertex 878.6617672115983 358.6479152403324 0.9999999999999999
    vertex 879.1450627378592 362.6626771765509 0.9999999999999999
  endloop
endfacet
facet normal 0.0 0.0 1.0
  outer loop
    vertex 879.1450627378592 362.6626771765509 0.9999999999999999
    vertex 878.6617672115983 358.6479152403324 0.9999999999999999
    vertex 880.9660872392676 355.64486691312743 0.9999999999999999
  endloop
endfacet
facet normal 0.0 0.0 1.0
  outer loop
    vertex 879.1450627378592 362.6626771765509 0.9999999999999999
    vertex 880.9660872392676 355.64486691312743 0.9999999999999999
    vertex 880.3938180191673 359.64791524033234 0.9999999999999999
  endloop
endfacet
facet normal 0.0 0.0 1.0
  outer loop
    vertex 880.3938180191673 359.64791524033234 0.9999999999999999
    vertex 880.9660872392676 355.64486691312743 0.9999999999999999
    vertex 882.3803008016408 357.05908047550054 0.9999999999999999
  endloop
endfacet
facet normal 0.0 0.0 1.0
  outer loop
    vertex 882.3803008016408 357.05908047550054 0.9999999999999999
    vertex 880.9660872392676 355.64486691312743 0.9999999999999999
    vertex 883.9691355664727 353.340546885458 0.9999999999999999
  endloop
endfacet
facet normal 0.0 0.0 1.0
  outer loop
    vertex 882.3803008016408 357.05908047550054 0.9999999999999999
    vertex 883.9691355664727 353.340546885458 0.9999999999999999
    vertex 884.9691355664726 355.0725976930269 0.9999999999999999
  endloop
endfacet
facet normal 0.0 0.0 1.0
  outer loop
    vertex 884.9691355664726 355.0725976930269 0.9999999999999999
    vertex 883.9691355664727 353.340546885458 0.9999999999999999
    vertex 887.4662594124861 351.89199075914087 0.9999999999999999
  endloop
endfacet
facet normal 0.0 0.0 1.0
  outer loop
    vertex 884.9691355664726 355.0725976930269 0.9999999999999999
    vertex 887.4662594124861 351.89199075914087 0.9999999999999999
    vertex 887.9838975026911 353.82384241171906 0.9999999999999999
  endloop
endfacet
facet normal 0.0 0.0 1.0
  outer loop
    vertex 887.9838975026911 353.82384241171906 0.9999999999999999
    vertex 887.4662594124861 351.89199075914087 0.9999999999999999
    vertex 891.2191355664726 351.3979152403324 0.9999999999999999
  endloop
endfacet
facet normal 0.0 0.0 1.0
  outer loop
    vertex 887.9838975026911 353.82384241171906 0.9999999999999999
    vertex 891.2191355664726 351.3979152403324 0.9999999999999999
    vertex 891.2191355664726 353.3979152403324 0.9999999999999999
  endloop
endfacet
facet normal 0.0 0.0 1.0
  outer loop
    vertex 891.2191355664726 353.3979152403324 0.9999999999999999
    vertex 891.2191355664726 351.3979152403324 0.9999999999999999
    vertex 894.9720117204591 351.89199075914087 0.9999999999999999
  endloop
endfacet
facet normal 0.0 0.0 1.0
  outer loop
    vertex 891.2191355664726 353.3979152403324 0.9999999999999999
    vertex 894.9720117204591 351.89199075914087 0.9999999999999999
    vertex 894.4543736302542 353.82384241171906 0.9999999999999999
  endloop
endfacet
facet normal 0.0 0.0 1.0
  outer loop
    vertex 894.4543736302542 353.82384241171906 0.9999999999999999
    vertex 894.9720117204591 351.89199075914087 0.9999999999999999
    vertex 897.4691355664727 355.0725976930269 0.9999999999999999
  endloop
endfacet
facet normal 0.0 0.0 1.0
  outer loop
    vertex 897.4691355664727 355.0725976930269 0.9999999999999999
    vertex 894.9720117204591 351.89199075914087 0.9999999999999999
    vertex 898.4691355664726 353.340546885458 0.9999999999999999
  endloop
endfacet
facet normal 0.0 0.0 1.0
  outer loop
    vertex 897.4691355664727 355.0725976930269 0.9999999999999999
    vertex 898.4691355664726 353.340546885458 0.9999999999999999
    vertex 900.0579703313044 357.05908047550054 0.9999999999999999
  endloop
endfacet
facet normal 0.0 0.0 1.0
  outer loop
    vertex 900.0579703313044 357.05908047550054 0.9999999999999999
    vertex 898.4691355664726 353.340546885458 0.9999999999999999
    vertex 901.4721838936777 355.64486691312743 0.9999999999999999
  endloop
endfacet
facet normal 0.0 0.0 1.0
  outer loop
    vertex 900.0579703313044 357.05908047550054 0.9999999999999999
    vertex 901.4721838936777 355.64486691312743 0.9999999999999999
    vertex 902.0444531137782 359.6479152403324 0.9999999999999999
  endloop
endfacet
facet normal 0.0 0.0 1.0
  outer loop
    vertex 902.0444531137782 359.6479152403324 0.9999999999999999
    vertex 901.4721838936777 355.64486691312743 0.9999999999999999
    vertex 903.776503921347 358.64791524033234 0.9999999999999999
  endloop
endfacet
facet normal 0.0 0.0 1.0
  outer loop
    vertex 902.0444531137782 359.6479152403324 0.9999999999999999
    vertex 903.776503921347 358.64791524033234 0.9999999999999999
    vertex 903.293208395086 362.6626771765509 0.9999999999999999
  endloop
endfacet
facet normal 0.0 0.0 1.0
  outer loop
    vertex 903.293208395086 362.6626771765509 0.9999999999999999
    vertex 903.776503921347 358.64791524033234 0.9999999999999999
    vertex 903.7191355664727 365.8979152403324 0.9999999999999999
  endloop
endfacet
facet normal 0.0 0.0 1.0
  outer loop
    vertex 878.6617672115983 373.1479152403324 0.9999999999999999
    vertex 879.1450627378592 369.1331533041139 0.9999999999999999
    vertex 880.9660872392676 376.1509635675373 0.9999999999999999
  endloop
endfacet
facet normal 0.0 0.0 1.0
  outer loop
    vertex 879.1450627378592 369.1331533041139 0.9999999999999999
    vertex 878.6617672115983 373.1479152403324 0.9999999999999999
    vertex 878.7191355664726 365.8979152403324 0.9999999999999999
  endloop
endfacet
facet normal 0.0 0.0 1.0
  outer loop
    vertex 880.9660872392676 376.1509635675373 0.9999999999999999
    vertex 879.1450627378592 369.1331533041139 0.9999999999999999
    vertex 880.3938180191673 372.14791524033234 0.9999999999999999
  endloop
endfacet
facet normal 0.0 0.0 1.0
  outer loop
    vertex 880.9660872392676 376.1509635675373 0.9999999999999999
    vertex 880.3938180191673 372.14791524033234 0.9999999999999999
    vertex 882.3803008016408 374.73675000516425 0.9999999999999999
  endloop
endfacet
facet normal 0.0 0.0 1.0
  outer loop
    vertex 880.9660872392676 376.1509635675373 0.9999999999999999
    vertex 882.3803008016408 374.73675000516425 0.9999999999999999
    vertex 883.9691355664727 378.45528359520677 0.9999999999999999
  endloop
endfacet
facet normal 0.0 0.0 1.0
  outer loop
    vertex 883.9691355664727 378.45528359520677 0.9999999999999999
    vertex 882.3803008016408 374.73675000516425 0.9999999999999999
    vertex 884.9691355664726 376.72323278763787 0.9999999999999999
  endloop
endfacet
facet normal 0.0 0.0 1.0
  outer loop
    vertex 883.9691355664727 378.45528359520677 0.9999999999999999
    vertex 884.9691355664726 376.72323278763787 0.9999999999999999
    vertex 887.4662594124861 379.90383972152387 0.9999999999999999
  endloop
endfacet
facet normal 0.0 0.0 1.0
  outer loop
    vertex 887.4662594124861 379.90383972152387 0.9999999999999999
    vertex 884.9691355664726 376.72323278763787 0.9999999999999999
    vertex 887.9838975026911 377.97198806894573 0.9999999999999999
  endloop
endfacet
facet normal 0.0 0.0 1.0
  outer loop
    vertex 887.4662594124861 379.90383972152387 0.9999999999999999
    vertex 887.9838975026911 377.97198806894573 0.9999999999999999
    vertex 891.2191355664726 380.3979152403324 0.9999999999999999
  endloop
endfacet
facet normal 0.0 0.0 1.0
  outer loop
    vertex 891.2191355664726 380.3979152403324 0.9999999999999999
    vertex 887.9838975026911 377.97198806894573 0.9999999999999999
    vertex 891.2191355664726 378.3979152403324 0.9999999999999999
  endloop
endfacet
facet normal 0.0 0.0 1.0
  outer loop
    vertex 891.2191355664726 380.3979152403324 0.9999999999999999
    vertex 891.2191355664726 378.3979152403324 0.9999999999999999
    vertex 894.4543736302542 377.97198806894573 0.9999999999999999
  endloop
endfacet
facet normal 0.0 0.0 1.0
  outer loop
    vertex 891.2191355664726 380.3979152403324 0.9999999999999999
    vertex 894.4543736302542 377.97198806894573 0.9999999999999999
    vertex 894.9720117204591 379.90383972152387 0.9999999999999999
  endloop
endfacet
facet normal 0.0 0.0 1.0
  outer loop
    vertex 894.9720117204591 379.90383972152387 0.9999999999999999
    vertex 894.4543736302542 377.97198806894573 0.9999999999999999
    vertex 897.4691355664727 376.72323278763787 0.9999999999999999
  endloop
endfacet
facet normal 0.0 0.0 1.0
  outer loop
    vertex 894.9720117204591 379.90383972152387 0.9999999999999999
    vertex 897.4691355664727 376.72323278763787 0.9999999999999999
    vertex 898.4691355664726 378.45528359520677 0.9999999999999999
  endloop
endfacet
facet normal 0.0 0.0 1.0
  outer loop
    vertex 898.4691355664726 378.45528359520677 0.9999999999999999
    vertex 897.4691355664727 376.72323278763787 0.9999999999999999
    vertex 900.0579703313044 374.73675000516425 0.9999999999999999
  endloop
endfacet
facet normal 0.0 0.0 1.0
  outer loop
    vertex 898.4691355664726 378.45528359520677 0.9999999999999999
    vertex 900.0579703313044 374.73675000516425 0.9999999999999999
    vertex 901.4721838936777 376.1509635675373 0.9999999999999999
  endloop
endfacet
facet normal 0.0 0.0 1.0
  outer loop
    vertex 901.4721838936777 376.1509635675373 0.9999999999999999
    vertex 900.0579703313044 374.73675000516425 0.9999999999999999
    vertex 902.044453113778 372.1479152403324 0.9999999999999999
  endloop
endfacet
facet normal 0.0 0.0 1.0
  outer loop
    vertex 901.4721838936777 376.1509635675373 0.9999999999999999
    vertex 902.044453113778 372.1479152403324 0.9999999999999999
    vertex 903.776503921347 373.14791524033234 0.9999999999999999
  endloop
endfacet
facet normal 0.0 0.0 1.0
  outer loop
    vertex 903.776503921347 373.14791524033234 0.9999999999999999
    vertex 902.044453113778 372.1479152403324 0.9999999999999999
    vertex 903.293208395086 369.13315330411393 0.9999999999999999
  endloop
endfacet
facet normal 0.0 0.0 1.0
  outer loop
    vertex 903.776503921347 373.14791524033234 0.9999999999999999
    vertex 903.293208395086 369.13315330411393 0.9999999999999999
    vertex 903.7191355664727 365.8979152403324 0.9999999999999999
  endloop
endfacet
facet normal 0.0 0.0 1.0
  outer loop
    vertex 903.776503921347 373.14791524033234 0.9999999999999999
    vertex 903.7191355664727 365.8979152403324 0.9999999999999999
    vertex 903.776503921347 358.64791524033234 0.9999999999999999
  endloop
endfacet
facet normal 0.0 0.0 1.0
  outer loop
    vertex 903.776503921347 373.14791524033234 0.9999999999999999
    vertex 903.776503921347 358.64791524033234 0.9999999999999999
    vertex 905.2250600476641 362.14503908634583 0.9999999999999999
  endloop
endfacet
facet normal 0.0 0.0 1.0
  outer loop
    vertex 903.776503921347 373.14791524033234 0.9999999999999999
    vertex 905.2250600476641 362.14503908634583 0.9999999999999999
    vertex 905.2250600476641 369.65079139431896 0.9999999999999999
  endloop
endfacet
facet normal 0.0 0.0 1.0
  outer loop
    vertex 905.2250600476641 369.65079139431896 0.9999999999999999
    vertex 905.2250600476641 362.14503908634583 0.9999999999999999
    vertex 905.7191355664726 365.8979152403324 0.9999999999999999
  endloop
endfacet
facet normal 0.0 0.0 1.0
  outer loop
    vertex 879.1450627378592 362.6626771765509 1.9999999999999998
    vertex 879.1450627378592 369.1331533041139 1.9999999999999998
    vertex 878.7191355664726 365.8979152403324 1.9999999999999998
  endloop
endfacet
facet normal 0.0 0.0 1.0
  outer loop
    vertex 879.1450627378592 369.1331533041139 1.9999999999999998
    vertex 879.1450627378592 362.6626771765509 1.9999999999999998
    vertex 880.3938180191673 359.64791524033234 1.9999999999999998
  endloop
endfacet
facet normal 0.0 0.0 1.0
  outer loop
    vertex 879.1450627378592 369.1331533041139 1.9999999999999998
    vertex 880.3938180191673 359.64791524033234 1.9999999999999998
    vertex 879.7191355664726 365.8979152403324 1.9999999999999998
  endloop
endfacet
facet normal 0.0 0.0 1.0
  outer loop
    vertex 879.7191355664726 365.8979152403324 1.9999999999999998
    vertex 880.3938180191673 359.64791524033234 1.9999999999999998
    vertex 880.1109885641483 362.9214962216534 1.9999999999999998
  endloop
endfacet
facet normal 0.0 0.0 1.0
  outer loop
    vertex 880.1109885641483 362.9214962216534 1.9999999999999998
    vertex 880.3938180191673 359.64791524033234 1.9999999999999998
    vertex 881.2598434229516 360.1479152403324 1.9999999999999998
  endloop
endfacet
facet normal 0.0 0.0 1.0
  outer loop
    vertex 881.2598434229516 360.1479152403324 1.9999999999999998
    vertex 880.3938180191673 359.64791524033234 1.9999999999999998
    vertex 882.3803008016408 357.05908047550054 1.9999999999999998
  endloop
endfacet
facet normal 0.0 0.0 1.0
  outer loop
    vertex 881.2598434229516 360.1479152403324 1.9999999999999998
    vertex 882.3803008016408 357.05908047550054 1.9999999999999998
    vertex 883.0874075828273 357.7661872566871 1.9999999999999998
  endloop
endfacet
facet normal 0.0 0.0 1.0
  outer loop
    vertex 883.0874075828273 357.7661872566871 1.9999999999999998
    vertex 882.3803008016408 357.05908047550054 1.9999999999999998
    vertex 884.9691355664726 355.0725976930269 1.9999999999999998
  endloop
endfacet
facet normal 0.0 0.0 1.0
  outer loop
    vertex 883.0874075828273 357.7661872566871 1.9999999999999998
    vertex 884.9691355664726 355.0725976930269 1.9999999999999998
    vertex 885.4691355664727 355.93862309681134 1.9999999999999998
  endloop
endfacet
facet normal 0.0 0.0 1.0
  outer loop
    vertex 885.4691355664727 355.93862309681134 1.9999999999999998
    vertex 884.9691355664726 355.0725976930269 1.9999999999999998
    vertex 887.9838975026911 353.82384241171906 1.9999999999999998
  endloop
endfacet
facet normal 0.0 0.0 1.0
  outer loop
    vertex 885.4691355664727 355.93862309681134 1.9999999999999998
    vertex 887.9838975026911 353.82384241171906 1.9999999999999998
    vertex 888.2427165477936 354.7897682380081 1.9999999999999998
  endloop
endfacet
facet normal 0.0 0.0 1.0
  outer loop
    vertex 888.2427165477936 354.7897682380081 1.9999999999999998
    vertex 887.9838975026911 353.82384241171906 1.9999999999999998
    vertex 891.2191355664726 353.3979152403324 1.9999999999999998
  endloop
endfacet
facet normal 0.0 0.0 1.0
  outer loop
    vertex 888.2427165477936 354.7897682380081 1.9999999999999998
    vertex 891.2191355664726 353.3979152403324 1.9999999999999998
    vertex 891.2191355664726 354.3979152403324 1.9999999999999998
  endloop
endfacet
facet normal 0.0 0.0 1.0
  outer loop
    vertex 891.2191355664726 354.3979152403324 1.9999999999999998
    vertex 891.2191355664726 353.3979152403324 1.9999999999999998
    vertex 894.4543736302542 353.82384241171906 1.9999999999999998
  endloop
endfacet
facet normal 0.0 0.0 1.0
  outer loop
    vertex 891.2191355664726 354.3979152403324 1.9999999999999998
    vertex 894.4543736302542 353.82384241171906 1.9999999999999998
    vertex 894.1955545851516 354.7897682380081 1.9999999999999998
  endloop
endfacet
facet normal 0.0 0.0 1.0
  outer loop
    vertex 894.1955545851516 354.7897682380081 1.9999999999999998
    vertex 894.4543736302542 353.82384241171906 1.9999999999999998
    vertex 896.9691355664726 355.93862309681134 1.9999999999999998
  endloop
endfacet
facet normal 0.0 0.0 1.0
  outer loop
    vertex 896.9691355664726 355.93862309681134 1.9999999999999998
    vertex 894.4543736302542 353.82384241171906 1.9999999999999998
    vertex 897.4691355664727 355.0725976930269 1.9999999999999998
  endloop
endfacet
facet normal 0.0 0.0 1.0
  outer loop
    vertex 896.9691355664726 355.93862309681134 1.9999999999999998
    vertex 897.4691355664727 355.0725976930269 1.9999999999999998
    vertex 899.350863550118 357.7661872566871 1.9999999999999998
  endloop
endfacet
facet normal 0.0 0.0 1.0
  outer loop
    vertex 899.350863550118 357.7661872566871 1.9999999999999998
    vertex 897.4691355664727 355.0725976930269 1.9999999999999998
    vertex 900.0579703313044 357.05908047550054 1.9999999999999998
  endloop
endfacet
facet normal 0.0 0.0 1.0
  outer loop
    vertex 899.350863550118 357.7661872566871 1.9999999999999998
    vertex 900.0579703313044 357.05908047550054 1.9999999999999998
    vertex 901.1784277099937 360.1479152403324 1.9999999999999998
  endloop
endfacet
facet normal 0.0 0.0 1.0
  outer loop
    vertex 901.1784277099937 360.1479152403324 1.9999999999999998
    vertex 900.0579703313044 357.05908047550054 1.9999999999999998
    vertex 902.0444531137782 359.6479152403324 1.9999999999999998
  endloop
endfacet
facet normal 0.0 0.0 1.0
  outer loop
    vertex 901.1784277099937 360.1479152403324 1.9999999999999998
    vertex 902.0444531137782 359.6479152403324 1.9999999999999998
    vertex 902.3272825687969 362.9214962216534 1.9999999999999998
  endloop
endfacet
facet normal 0.0 0.0 1.0
  outer loop
    vertex 902.3272825687969 362.9214962216534 1.9999999999999998
    vertex 902.0444531137782 359.6479152403324 1.9999999999999998
    vertex 903.293208395086 362.6626771765509 1.9999999999999998
  endloop
endfacet
facet normal 0.0 0.0 1.0
  outer loop
    vertex 902.3272825687969 362.9214962216534 1.9999999999999998
    vertex 903.293208395086 362.6626771765509 1.9999999999999998
    vertex 902.7191355664727 365.8979152403324 1.9999999999999998
  endloop
endfacet
facet normal 0.0 0.0 1.0
  outer loop
    vertex 879.7191355664726 365.8979152403324 1.9999999999999998
    vertex 880.3938180191673 372.14791524033234 1.9999999999999998
    vertex 879.1450627378592 369.1331533041139 1.9999999999999998
  endloop
endfacet
facet normal 0.0 0.0 1.0
  outer loop
    vertex 880.3938180191673 372.14791524033234 1.9999999999999998
    vertex 879.7191355664726 365.8979152403324 1.9999999999999998
    vertex 880.1109885641483 368.8743342590114 1.9999999999999998
  endloop
endfacet
facet normal 0.0 0.0 1.0
  outer loop
    vertex 880.3938180191673 372.14791524033234 1.9999999999999998
    vertex 880.1109885641483 368.8743342590114 1.9999999999999998
    vertex 881.2598434229516 371.6479152403324 1.9999999999999998
  endloop
endfacet
facet normal 0.0 0.0 1.0
  outer loop
    vertex 880.3938180191673 372.14791524033234 1.9999999999999998
    vertex 881.2598434229516 371.6479152403324 1.9999999999999998
    vertex 882.3803008016408 374.73675000516425 1.9999999999999998
  endloop
endfacet
facet normal 0.0 0.0 1.0
  outer loop
    vertex 882.3803008016408 374.73675000516425 1.9999999999999998
    vertex 881.2598434229516 371.6479152403324 1.9999999999999998
    vertex 883.0874075828273 374.0296432239777 1.9999999999999998
  endloop
endfacet
facet normal 0.0 0.0 1.0
  outer loop
    vertex 882.3803008016408 374.73675000516425 1.9999999999999998
    vertex 883.0874075828273 374.0296432239777 1.9999999999999998
    vertex 884.9691355664726 376.72323278763787 1.9999999999999998
  endloop
endfacet
facet normal 0.0 0.0 1.0
  outer loop
    vertex 884.9691355664726 376.72323278763787 1.9999999999999998
    vertex 883.0874075828273 374.0296432239777 1.9999999999999998
    vertex 885.4691355664727 375.85720738385345 1.9999999999999998
  endloop
endfacet
facet normal 0.0 0.0 1.0
  outer loop
    vertex 884.9691355664726 376.72323278763787 1.9999999999999998
    vertex 885.4691355664727 375.85720738385345 1.9999999999999998
    vertex 887.9838975026911 377.97198806894573 1.9999999999999998
  endloop
endfacet
facet normal 0.0 0.0 1.0
  outer loop
    vertex 887.9838975026911 377.97198806894573 1.9999999999999998
    vertex 885.4691355664727 375.85720738385345 1.9999999999999998
    vertex 888.2427165477936 377.0060622426567 1.9999999999999998
  endloop
endfacet
facet normal 0.0 0.0 1.0
  outer loop
    vertex 887.9838975026911 377.97198806894573 1.9999999999999998
    vertex 888.2427165477936 377.0060622426567 1.9999999999999998
    vertex 891.2191355664726 378.3979152403324 1.9999999999999998
  endloop
endfacet
facet normal 0.0 0.0 1.0
  outer loop
    vertex 891.2191355664726 378.3979152403324 1.9999999999999998
    vertex 888.2427165477936 377.0060622426567 1.9999999999999998
    vertex 891.2191355664726 377.3979152403324 1.9999999999999998
  endloop
endfacet
facet normal 0.0 0.0 1.0
  outer loop
    vertex 891.2191355664726 378.3979152403324 1.9999999999999998
    vertex 891.2191355664726 377.3979152403324 1.9999999999999998
    vertex 894.1955545851516 377.0060622426567 1.9999999999999998
  endloop
endfacet
facet normal 0.0 0.0 1.0
  outer loop
    vertex 891.2191355664726 378.3979152403324 1.9999999999999998
    vertex 894.1955545851516 377.0060622426567 1.9999999999999998
    vertex 894.4543736302542 377.97198806894573 1.9999999999999998
  endloop
endfacet
facet normal 0.0 0.0 1.0
  outer loop
    vertex 894.4543736302542 377.97198806894573 1.9999999999999998
    vertex 894.1955545851516 377.0060622426567 1.9999999999999998
    vertex 896.9691355664726 375.85720738385345 1.9999999999999998
  endloop
endfacet
facet normal 0.0 0.0 1.0
  outer loop
    vertex 894.4543736302542 377.97198806894573 1.9999999999999998
    vertex 896.9691355664726 375.85720738385345 1.9999999999999998
    vertex 897.4691355664727 376.72323278763787 1.9999999999999998
  endloop
endfacet
facet normal 0.0 0.0 1.0
  outer loop
    vertex 897.4691355664727 376.72323278763787 1.9999999999999998
    vertex 896.9691355664726 375.85720738385345 1.9999999999999998
    vertex 899.3508635501179 374.0296432239777 1.9999999999999998
  endloop
endfacet
facet normal 0.0 0.0 1.0
  outer loop
    vertex 897.4691355664727 376.72323278763787 1.9999999999999998
    vertex 899.3508635501179 374.0296432239777 1.9999999999999998
    vertex 900.0579703313044 374.73675000516425 1.9999999999999998
  endloop
endfacet
facet normal 0.0 0.0 1.0
  outer loop
    vertex 900.0579703313044 374.73675000516425 1.9999999999999998
    vertex 899.3508635501179 374.0296432239777 1.9999999999999998
    vertex 901.1784277099937 371.6479152403324 1.9999999999999998
  endloop
endfacet
facet normal 0.0 0.0 1.0
  outer loop
    vertex 900.0579703313044 374.73675000516425 1.9999999999999998
    vertex 901.1784277099937 371.6479152403324 1.9999999999999998
    vertex 902.044453113778 372.1479152403324 1.9999999999999998
  endloop
endfacet
facet normal 0.0 0.0 1.0
  outer loop
    vertex 902.044453113778 372.1479152403324 1.9999999999999998
    vertex 901.1784277099937 371.6479152403324 1.9999999999999998
    vertex 902.3272825687969 368.8743342590114 1.9999999999999998
  endloop
endfacet
facet normal 0.0 0.0 1.0
  outer loop
    vertex 902.044453113778 372.1479152403324 1.9999999999999998
    vertex 902.3272825687969 368.8743342590114 1.9999999999999998
    vertex 903.293208395086 369.13315330411393 1.9999999999999998
  endloop
endfacet
facet normal 0.0 0.0 1.0
  outer loop
    vertex 903.293208395086 369.13315330411393 1.9999999999999998
    vertex 902.3272825687969 368.8743342590114 1.9999999999999998
    vertex 902.7191355664727 365.8979152403324 1.9999999999999998
  endloop
endfacet
facet normal 0.0 0.0 1.0
  outer loop
    vertex 903.293208395086 369.13315330411393 1.9999999999999998
    vertex 902.7191355664727 365.8979152403324 1.9999999999999998
    vertex 903.293208395086 362.6626771765509 1.9999999999999998
  endloop
endfacet
facet normal 0.0 0.0 1.0
  outer loop
    vertex 903.293208395086 369.13315330411393 1.9999999999999998
    vertex 903.293208395086 362.6626771765509 1.9999999999999998
    vertex 903.7191355664727 365.8979152403324 1.9999999999999998
  endloop
endfacet
facet normal 0.9914448613738099 0.13052619222005477 0.0
  outer loop
    vertex 903.293208395086 369.13315330411393 0.9999999999999999
    vertex 903.7191355664727 365.8979152403324 1.9999999999999998
    vertex 903.7191355664727 365.8979152403324 0.9999999999999999
  endloop
endfacet
facet normal 0.9914448613738099 0.13052619222005477 0.0
  outer loop
    vertex 903.7191355664727 365.8979152403324 1.9999999999999998
    vertex 903.293208395086 369.13315330411393 0.9999999999999999
    vertex 903.293208395086 369.13315330411393 1.9999999999999998
  endloop
endfacet
facet normal 0.9914448613738098 -0.13052619222005657 0.0
  outer loop
    vertex 903.7191355664727 365.8979152403324 0.9999999999999999
    vertex 903.293208395086 362.6626771765509 1.9999999999999998
    vertex 903.293208395086 362.6626771765509 0.9999999999999999
  endloop
endfacet
facet normal 0.9914448613738098 -0.13052619222005657 0.0
  outer loop
    vertex 903.293208395086 362.6626771765509 1.9999999999999998
    vertex 903.7191355664727 365.8979152403324 0.9999999999999999
    vertex 903.7191355664727 365.8979152403324 1.9999999999999998
  endloop
endfacet
facet normal 0.9238795325112739 0.38268343236512126 0.0
  outer loop
    vertex 902.044453113778 372.1479152403324 0.9999999999999999
    vertex 903.293208395086 369.13315330411393 1.9999999999999998
    vertex 903.293208395086 369.13315330411393 0.9999999999999999
  endloop
endfacet
facet normal 0.9238795325112739 0.38268343236512126 0.0
  outer loop
    vertex 903.293208395086 369.13315330411393 1.9999999999999998
    vertex 902.044453113778 372.1479152403324 0.9999999999999999
    vertex 902.044453113778 372.1479152403324 1.9999999999999998
  endloop
endfacet
facet normal -0.6087614290087315 0.7933533402912268 0.0
  outer loop
    vertex 882.3803008016408 374.73675000516425 1.9999999999999998
    vertex 884.9691355664726 376.72323278763787 0.9999999999999999
    vertex 882.3803008016408 374.73675000516425 0.9999999999999999
  endloop
endfacet
facet normal -0.6087614290087315 0.7933533402912268 0.0
  outer loop
    vertex 884.9691355664726 376.72323278763787 0.9999999999999999
    vertex 882.3803008016408 374.73675000516425 1.9999999999999998
    vertex 884.9691355664726 376.72323278763787 1.9999999999999998
  endloop
endfacet
facet normal -0.38268343236509067 0.9238795325112864 0.0
  outer loop
    vertex 884.9691355664726 376.72323278763787 1.9999999999999998
    vertex 887.9838975026911 377.97198806894573 0.9999999999999999
    vertex 884.9691355664726 376.72323278763787 0.9999999999999999
  endloop
endfacet
facet normal -0.38268343236509067 0.9238795325112864 0.0
  outer loop
    vertex 887.9838975026911 377.97198806894573 0.9999999999999999
    vertex 884.9691355664726 376.72323278763787 1.9999999999999998
    vertex 887.9838975026911 377.97198806894573 1.9999999999999998
  endloop
endfacet
facet normal 0.6087614290087315 0.7933533402912268 0.0
  outer loop
    vertex 897.4691355664727 376.72323278763787 1.9999999999999998
    vertex 900.0579703313044 374.73675000516425 0.9999999999999999
    vertex 897.4691355664727 376.72323278763787 0.9999999999999999
  endloop
endfacet
facet normal 0.6087614290087315 0.7933533402912268 0.0
  outer loop
    vertex 900.0579703313044 374.73675000516425 0.9999999999999999
    vertex 897.4691355664727 376.72323278763787 1.9999999999999998
    vertex 900.0579703313044 374.73675000516425 1.9999999999999998
  endloop
endfacet
facet normal -0.9238795325112739 0.38268343236512126 0.0
  outer loop
    vertex 880.3938180191673 372.14791524033234 1.9999999999999998
    vertex 879.1450627378592 369.1331533041139 0.9999999999999999
    vertex 879.1450627378592 369.1331533041139 1.9999999999999998
  endloop
endfacet
facet normal -0.9238795325112739 0.38268343236512126 0.0
  outer loop
    vertex 879.1450627378592 369.1331533041139 0.9999999999999999
    vertex 880.3938180191673 372.14791524033234 1.9999999999999998
    vertex 880.3938180191673 372.14791524033234 0.9999999999999999
  endloop
endfacet
facet normal 0.130526192220053 0.9914448613738104 0.0
  outer loop
    vertex 891.2191355664726 378.3979152403324 1.9999999999999998
    vertex 894.4543736302542 377.97198806894573 0.9999999999999999
    vertex 891.2191355664726 378.3979152403324 0.9999999999999999
  endloop
endfacet
facet normal 0.130526192220053 0.9914448613738104 0.0
  outer loop
    vertex 894.4543736302542 377.97198806894573 0.9999999999999999
    vertex 891.2191355664726 378.3979152403324 1.9999999999999998
    vertex 894.4543736302542 377.97198806894573 1.9999999999999998
  endloop
endfacet
facet normal -0.9238795325112759 -0.38268343236511637 -0.0
  outer loop
    vertex 879.1450627378592 362.6626771765509 1.9999999999999998
    vertex 880.3938180191673 359.64791524033234 0.9999999999999999
    vertex 880.3938180191673 359.64791524033234 1.9999999999999998
  endloop
endfacet
facet normal -0.9238795325112759 -0.38268343236511637 -0.0
  outer loop
    vertex 880.3938180191673 359.64791524033234 0.9999999999999999
    vertex 879.1450627378592 362.6626771765509 1.9999999999999998
    vertex 879.1450627378592 362.6626771765509 0.9999999999999999
  endloop
endfacet
facet normal 0.793353340291217 -0.6087614290087443 0.0
  outer loop
    vertex 902.0444531137782 359.6479152403324 0.9999999999999999
    vertex 900.0579703313044 357.05908047550054 1.9999999999999998
    vertex 900.0579703313044 357.05908047550054 0.9999999999999999
  endloop
endfacet
facet normal 0.793353340291217 -0.6087614290087443 0.0
  outer loop
    vertex 900.0579703313044 357.05908047550054 1.9999999999999998
    vertex 902.0444531137782 359.6479152403324 0.9999999999999999
    vertex 902.0444531137782 359.6479152403324 1.9999999999999998
  endloop
endfacet
facet normal 0.130526192220053 -0.9914448613738104 0.0
  outer loop
    vertex 894.4543736302542 353.82384241171906 1.9999999999999998
    vertex 891.2191355664726 353.3979152403324 0.9999999999999999
    vertex 894.4543736302542 353.82384241171906 0.9999999999999999
  endloop
endfacet
facet normal 0.130526192220053 -0.9914448613738104 0.0
  outer loop
    vertex 891.2191355664726 353.3979152403324 0.9999999999999999
    vertex 894.4543736302542 353.82384241171906 1.9999999999999998
    vertex 891.2191355664726 353.3979152403324 1.9999999999999998
  endloop
endfacet
facet normal -0.6087614290087315 -0.7933533402912268 -0.0
  outer loop
    vertex 884.9691355664726 355.0725976930269 1.9999999999999998
    vertex 882.3803008016408 357.05908047550054 0.9999999999999999
    vertex 884.9691355664726 355.0725976930269 0.9999999999999999
  endloop
endfacet
facet normal -0.6087614290087315 -0.7933533402912268 -0.0
  outer loop
    vertex 882.3803008016408 357.05908047550054 0.9999999999999999
    vertex 884.9691355664726 355.0725976930269 1.9999999999999998
    vertex 882.3803008016408 357.05908047550054 1.9999999999999998
  endloop
endfacet
facet normal -0.130526192220053 0.9914448613738104 0.0
  outer loop
    vertex 887.9838975026911 377.97198806894573 1.9999999999999998
    vertex 891.2191355664726 378.3979152403324 0.9999999999999999
    vertex 887.9838975026911 377.97198806894573 0.9999999999999999
  endloop
endfacet
facet normal -0.130526192220053 0.9914448613738104 0.0
  outer loop
    vertex 891.2191355664726 378.3979152403324 0.9999999999999999
    vertex 887.9838975026911 377.97198806894573 1.9999999999999998
    vertex 891.2191355664726 378.3979152403324 1.9999999999999998
  endloop
endfacet
facet normal 0.38268343236509067 0.9238795325112864 0.0
  outer loop
    vertex 894.4543736302542 377.97198806894573 1.9999999999999998
    vertex 897.4691355664727 376.72323278763787 0.9999999999999999
    vertex 894.4543736302542 377.97198806894573 0.9999999999999999
  endloop
endfacet
facet normal 0.38268343236509067 0.9238795325112864 0.0
  outer loop
    vertex 897.4691355664727 376.72323278763787 0.9999999999999999
    vertex 894.4543736302542 377.97198806894573 1.9999999999999998
    vertex 897.4691355664727 376.72323278763787 1.9999999999999998
  endloop
endfacet
facet normal -0.9914448613738098 0.13052619222005657 0.0
  outer loop
    vertex 879.1450627378592 369.1331533041139 1.9999999999999998
    vertex 878.7191355664726 365.8979152403324 0.9999999999999999
    vertex 878.7191355664726 365.8979152403324 1.9999999999999998
  endloop
endfacet
facet normal -0.9914448613738098 0.13052619222005657 0.0
  outer loop
    vertex 878.7191355664726 365.8979152403324 0.9999999999999999
    vertex 879.1450627378592 369.1331533041139 1.9999999999999998
    vertex 879.1450627378592 369.1331533041139 0.9999999999999999
  endloop
endfacet
facet normal 0.7933533402912386 0.6087614290087162 0.0
  outer loop
    vertex 900.0579703313044 374.73675000516425 0.9999999999999999
    vertex 902.044453113778 372.1479152403324 1.9999999999999998
    vertex 902.044453113778 372.1479152403324 0.9999999999999999
  endloop
endfacet
facet normal 0.7933533402912386 0.6087614290087162 0.0
  outer loop
    vertex 902.044453113778 372.1479152403324 1.9999999999999998
    vertex 900.0579703313044 374.73675000516425 0.9999999999999999
    vertex 900.0579703313044 374.73675000516425 1.9999999999999998
  endloop
endfacet
facet normal 0.38268343236509067 -0.9238795325112864 0.0
  outer loop
    vertex 897.4691355664727 355.0725976930269 1.9999999999999998
    vertex 894.4543736302542 353.82384241171906 0.9999999999999999
    vertex 897.4691355664727 355.0725976930269 0.9999999999999999
  endloop
endfacet
facet normal 0.38268343236509067 -0.9238795325112864 0.0
  outer loop
    vertex 894.4543736302542 353.82384241171906 0.9999999999999999
    vertex 897.4691355664727 355.0725976930269 1.9999999999999998
    vertex 894.4543736302542 353.82384241171906 1.9999999999999998
  endloop
endfacet
facet normal 0.6087614290087315 -0.7933533402912268 0.0
  outer loop
    vertex 900.0579703313044 357.05908047550054 1.9999999999999998
    vertex 897.4691355664727 355.0725976930269 0.9999999999999999
    vertex 900.0579703313044 357.05908047550054 0.9999999999999999
  endloop
endfacet
facet normal 0.6087614290087315 -0.7933533402912268 0.0
  outer loop
    vertex 897.4691355664727 355.0725976930269 0.9999999999999999
    vertex 900.0579703313044 357.05908047550054 1.9999999999999998
    vertex 897.4691355664727 355.0725976930269 1.9999999999999998
  endloop
endfacet
facet normal 0.9238795325112934 -0.382683432365074 0.0
  outer loop
    vertex 903.293208395086 362.6626771765509 0.9999999999999999
    vertex 902.0444531137782 359.6479152403324 1.9999999999999998
    vertex 902.0444531137782 359.6479152403324 0.9999999999999999
  endloop
endfacet
facet normal 0.9238795325112934 -0.382683432365074 0.0
  outer loop
    vertex 902.0444531137782 359.6479152403324 1.9999999999999998
    vertex 903.293208395086 362.6626771765509 0.9999999999999999
    vertex 903.293208395086 362.6626771765509 1.9999999999999998
  endloop
endfacet
facet normal -0.9914448613738098 -0.13052619222005657 -0.0
  outer loop
    vertex 878.7191355664726 365.8979152403324 1.9999999999999998
    vertex 879.1450627378592 362.6626771765509 0.9999999999999999
    vertex 879.1450627378592 362.6626771765509 1.9999999999999998
  endloop
endfacet
facet normal -0.9914448613738098 -0.13052619222005657 -0.0
  outer loop
    vertex 879.1450627378592 362.6626771765509 0.9999999999999999
    vertex 878.7191355664726 365.8979152403324 1.9999999999999998
    vertex 878.7191355664726 365.8979152403324 0.9999999999999999
  endloop
endfacet
facet normal -0.7933533402912437 0.6087614290087094 0.0
  outer loop
    vertex 882.3803008016408 374.73675000516425 1.9999999999999998
    vertex 880.3938180191673 372.14791524033234 0.9999999999999999
    vertex 880.3938180191673 372.14791524033234 1.9999999999999998
  endloop
endfacet
facet normal -0.7933533402912437 0.6087614290087094 0.0
  outer loop
    vertex 880.3938180191673 372.14791524033234 0.9999999999999999
    vertex 882.3803008016408 374.73675000516425 1.9999999999999998
    vertex 882.3803008016408 374.73675000516425 0.9999999999999999
  endloop
endfacet
facet normal -0.7933533402912386 -0.6087614290087162 -0.0
  outer loop
    vertex 880.3938180191673 359.64791524033234 1.9999999999999998
    vertex 882.3803008016408 357.05908047550054 0.9999999999999999
    vertex 882.3803008016408 357.05908047550054 1.9999999999999998
  endloop
endfacet
facet normal -0.7933533402912386 -0.6087614290087162 -0.0
  outer loop
    vertex 882.3803008016408 357.05908047550054 0.9999999999999999
    vertex 880.3938180191673 359.64791524033234 1.9999999999999998
    vertex 880.3938180191673 359.64791524033234 0.9999999999999999
  endloop
endfacet
facet normal -0.38268343236509067 -0.9238795325112864 -0.0
  outer loop
    vertex 887.9838975026911 353.82384241171906 1.9999999999999998
    vertex 884.9691355664726 355.0725976930269 0.9999999999999999
    vertex 887.9838975026911 353.82384241171906 0.9999999999999999
  endloop
endfacet
facet normal -0.38268343236509067 -0.9238795325112864 -0.0
  outer loop
    vertex 884.9691355664726 355.0725976930269 0.9999999999999999
    vertex 887.9838975026911 353.82384241171906 1.9999999999999998
    vertex 884.9691355664726 355.0725976930269 1.9999999999999998
  endloop
endfacet
facet normal -0.130526192220053 -0.9914448613738104 -0.0
  outer loop
    vertex 891.2191355664726 353.3979152403324 1.9999999999999998
    vertex 887.9838975026911 353.82384241171906 0.9999999999999999
    vertex 891.2191355664726 353.3979152403324 0.9999999999999999
  endloop
endfacet
facet normal -0.130526192220053 -0.9914448613738104 -0.0
  outer loop
    vertex 887.9838975026911 353.82384241171906 0.9999999999999999
    vertex 891.2191355664726 353.3979152403324 1.9999999999999998
    vertex 887.9838975026911 353.82384241171906 1.9999999999999998
  endloop
endfacet
facet normal 1.0 0.0 0.0
  outer loop
    vertex 897.2191355664727 368.8979152403324 3.0
    vertex 897.2191355664727 362.8979152403324 5.999999999999999
    vertex 897.2191355664727 362.8979152403324 3.0
  endloop
endfacet
facet normal 1.0 0.0 0.0
  outer loop
    vertex 897.2191355664727 362.8979152403324 5.999999999999999
    vertex 897.2191355664727 368.8979152403324 3.0
    vertex 897.2191355664727 368.8979152403324 4.999999999999999
  endloop
endfacet
facet normal 0.0 1.0 0.0
  outer loop
    vertex 885.4691355664727 368.8979152403324 4.999999999999999
    vertex 897.2191355664727 368.8979152403324 3.0
    vertex 885.4691355664727 368.8979152403324 3.0
  endloop
endfacet
facet normal 0.0 1.0 0.0
  outer loop
    vertex 897.2191355664727 368.8979152403324 3.0
    vertex 885.4691355664727 368.8979152403324 4.999999999999999
    vertex 897.2191355664727 368.8979152403324 4.999999999999999
  endloop
endfacet
facet normal -1.0 0.0 0.0
  outer loop
    vertex 885.4691355664727 368.8979152403324 4.999999999999999
    vertex 885.4691355664727 362.8979152403324 3.0
    vertex 885.4691355664727 362.8979152403324 5.999999999999999
  endloop
endfacet
facet normal -1.0 0.0 0.0
  outer loop
    vertex 885.4691355664727 362.8979152403324 3.0
    vertex 885.4691355664727 368.8979152403324 4.999999999999999
    vertex 885.4691355664727 368.8979152403324 3.0
  endloop
endfacet
facet normal -2.6953008723054543e-16 -0.16439898730535837 -0.9863939238321436
  outer loop
    vertex 882.9214712930102 368.7031848080117 5.0324550720534456
    vertex 882.6279119536345 364.1733175194953 5.787432953472853
    vertex 882.4723943727697 366.4573121512702 5.406767181510374
  endloop
endfacet
facet normal -2.6953008723054543e-16 -0.16439898730535837 -0.9863939238321436
  outer loop
    vertex 882.6279119536345 364.1733175194953 5.787432953472853
    vertex 882.9214712930102 368.7031848080117 5.0324550720534456
    vertex 883.3774257694737 362.006851372363 6.148510644661571
  endloop
endfacet
facet normal -2.6953008723054543e-16 -0.16439898730535837 -0.9863939238321436
  outer loop
    vertex 883.3774257694737 362.006851372363 6.148510644661571
    vertex 882.9214712930102 368.7031848080117 5.0324550720534456
    vertex 883.9445388643763 370.75788297964306 4.690005376781549
  endloop
endfacet
facet normal -2.6953008723054543e-16 -0.16439898730535837 -0.9863939238321436
  outer loop
    vertex 883.3774257694737 362.006851372363 6.148510644661571
    vertex 883.9445388643763 370.75788297964306 4.690005376781549
    vertex 884.6698576923677 360.1055547975457 6.465393407131117
  endloop
endfacet
facet normal -2.6953008723054543e-16 -0.16439898730535837 -0.9863939238321436
  outer loop
    vertex 884.6698576923677 360.1055547975457 6.465393407131117
    vertex 883.9445388643763 370.75788297964306 4.690005376781549
    vertex 885.4718767225787 372.48138238131685 4.402755476502585
  endloop
endfacet
facet normal -2.6953008723054543e-16 -0.16439898730535837 -0.9863939238321436
  outer loop
    vertex 884.6698576923677 360.1055547975457 6.465393407131117
    vertex 885.4718767225787 372.48138238131685 4.402755476502585
    vertex 885.4691355664727 368.8979152403324 4.999999999999999
  endloop
endfacet
facet normal -2.6953008723054543e-16 -0.16439898730535837 -0.9863939238321436
  outer loop
    vertex 885.4691355664727 368.8979152403324 4.999999999999999
    vertex 885.4718767225787 372.48138238131685 4.402755476502585
    vertex 897.2191355664727 368.8979152403324 4.999999999999999
  endloop
endfacet
facet normal -2.6953008723054543e-16 -0.16439898730535837 -0.9863939238321436
  outer loop
    vertex 897.2191355664727 368.8979152403324 4.999999999999999
    vertex 885.4718767225787 372.48138238131685 4.402755476502585
    vertex 887.3993993166258 373.7562293770264 4.190280977217659
  endloop
endfacet
facet normal -2.6953008723054543e-16 -0.16439898730535837 -0.9863939238321436
  outer loop
    vertex 897.2191355664727 368.8979152403324 4.999999999999999
    vertex 887.3993993166258 373.7562293770264 4.190280977217659
    vertex 889.5957491671152 374.49554525079833 4.067061664922329
  endloop
endfacet
facet normal -2.6953008723054543e-16 -0.16439898730535837 -0.9863939238321436
  outer loop
    vertex 897.2191355664727 368.8979152403324 4.999999999999999
    vertex 889.5957491671152 374.49554525079833 4.067061664922329
    vertex 891.9112486613756 374.6489468476124 4.041494732119977
  endloop
endfacet
facet normal -2.6953008723054543e-16 -0.16439898730535837 -0.9863939238321436
  outer loop
    vertex 897.2191355664727 368.8979152403324 4.999999999999999
    vertex 891.9112486613756 374.6489468476124 4.041494732119977
    vertex 894.1881003354171 374.20598010215394 4.1153225230297314
  endloop
endfacet
facet normal -2.6953008723054543e-16 -0.16439898730535837 -0.9863939238321436
  outer loop
    vertex 897.2191355664727 368.8979152403324 4.999999999999999
    vertex 894.1881003354171 374.20598010215394 4.1153225230297314
    vertex 896.2711405103289 373.1968324660886 4.283513795707284
  endloop
endfacet
facet normal -2.6953008723054543e-16 -0.16439898730535837 -0.9863939238321436
  outer loop
    vertex 897.2191355664727 368.8979152403324 4.999999999999999
    vertex 896.2711405103289 373.1968324660886 4.283513795707284
    vertex 898.0184134405778 371.69027568311907 4.534606592868881
  endloop
endfacet
facet normal -2.6953008723054543e-16 -0.16439898730535837 -0.9863939238321436
  outer loop
    vertex 897.2191355664727 368.8979152403324 4.999999999999999
    vertex 898.0184134405778 371.69027568311907 4.534606592868881
    vertex 897.2191355664727 362.8979152403324 5.999999999999999
  endloop
endfacet
facet normal -2.6953008723054543e-16 -0.16439898730535837 -0.9863939238321436
  outer loop
    vertex 884.6698576923677 360.1055547975457 6.465393407131117
    vertex 885.4691355664727 362.8979152403324 5.999999999999999
    vertex 886.4171306226167 358.5989980145762 6.716486204292714
  endloop
endfacet
facet normal -2.6953008723054543e-16 -0.16439898730535837 -0.9863939238321436
  outer loop
    vertex 885.4691355664727 362.8979152403324 5.999999999999999
    vertex 884.6698576923677 360.1055547975457 6.465393407131117
    vertex 885.4691355664727 368.8979152403324 4.999999999999999
  endloop
endfacet
facet normal -2.6953008723054543e-16 -0.16439898730535837 -0.9863939238321436
  outer loop
    vertex 886.4171306226167 358.5989980145762 6.716486204292714
    vertex 885.4691355664727 362.8979152403324 5.999999999999999
    vertex 897.2191355664727 362.8979152403324 5.999999999999999
  endloop
endfacet
facet normal -2.6953008723054543e-16 -0.16439898730535837 -0.9863939238321436
  outer loop
    vertex 886.4171306226167 358.5989980145762 6.716486204292714
    vertex 897.2191355664727 362.8979152403324 5.999999999999999
    vertex 888.5001707975285 357.58985037851085 6.884677476970267
  endloop
endfacet
facet normal -2.6953008723054543e-16 -0.16439898730535837 -0.9863939238321436
  outer loop
    vertex 888.5001707975285 357.58985037851085 6.884677476970267
    vertex 897.2191355664727 362.8979152403324 5.999999999999999
    vertex 890.77702247157 357.1468836330523 6.958505267880021
  endloop
endfacet
facet normal -2.6953008723054543e-16 -0.16439898730535837 -0.9863939238321436
  outer loop
    vertex 890.77702247157 357.1468836330523 6.958505267880021
    vertex 897.2191355664727 362.8979152403324 5.999999999999999
    vertex 893.0925219658304 357.3002852298664 6.93293833507767
  endloop
endfacet
facet normal -2.6953008723054543e-16 -0.16439898730535837 -0.9863939238321436
  outer loop
    vertex 893.0925219658304 357.3002852298664 6.93293833507767
    vertex 897.2191355664727 362.8979152403324 5.999999999999999
    vertex 895.2888718163198 358.0396011036384 6.809719022782339
  endloop
endfacet
facet normal -2.6953008723054543e-16 -0.16439898730535837 -0.9863939238321436
  outer loop
    vertex 895.2888718163198 358.0396011036384 6.809719022782339
    vertex 897.2191355664727 362.8979152403324 5.999999999999999
    vertex 897.2163944103668 359.31444809934794 6.5972445234974115
  endloop
endfacet
facet normal -2.6953008723054543e-16 -0.16439898730535837 -0.9863939238321436
  outer loop
    vertex 897.2163944103668 359.31444809934794 6.5972445234974115
    vertex 897.2191355664727 362.8979152403324 5.999999999999999
    vertex 898.7437322685691 361.0379475010217 6.309994623218449
  endloop
endfacet
facet normal -2.6953008723054543e-16 -0.16439898730535837 -0.9863939238321436
  outer loop
    vertex 898.7437322685691 361.0379475010217 6.309994623218449
    vertex 897.2191355664727 362.8979152403324 5.999999999999999
    vertex 898.0184134405778 371.69027568311907 4.534606592868881
  endloop
endfacet
facet normal -2.6953008723054543e-16 -0.16439898730535837 -0.9863939238321436
  outer loop
    vertex 898.7437322685691 361.0379475010217 6.309994623218449
    vertex 898.0184134405778 371.69027568311907 4.534606592868881
    vertex 899.3108453634719 369.7889791083018 4.851489355338426
  endloop
endfacet
facet normal -2.6953008723054543e-16 -0.16439898730535837 -0.9863939238321436
  outer loop
    vertex 898.7437322685691 361.0379475010217 6.309994623218449
    vertex 899.3108453634719 369.7889791083018 4.851489355338426
    vertex 899.7667998399354 363.0926456726531 5.967544927946552
  endloop
endfacet
facet normal -2.6953008723054543e-16 -0.16439898730535837 -0.9863939238321436
  outer loop
    vertex 899.7667998399354 363.0926456726531 5.967544927946552
    vertex 899.3108453634719 369.7889791083018 4.851489355338426
    vertex 900.060359179311 367.6225129611695 5.212567046527145
  endloop
endfacet
facet normal -2.6953008723054543e-16 -0.16439898730535837 -0.9863939238321436
  outer loop
    vertex 899.7667998399354 363.0926456726531 5.967544927946552
    vertex 900.060359179311 367.6225129611695 5.212567046527145
    vertex 900.2158767601759 365.3385183293946 5.593232818489623
  endloop
endfacet
facet normal -0.19350790180041189 -0.9677498128476835 0.16129163547461503
  outer loop
    vertex 890.77702247157 357.1468836330523 6.958505267880021
    vertex 888.5001707975285 357.9186483531215 8.857465324634553
    vertex 888.5001707975285 357.58985037851085 6.884677476970267
  endloop
endfacet
facet normal -0.19350790180041189 -0.9677498128476835 0.16129163547461503
  outer loop
    vertex 888.5001707975285 357.9186483531215 8.857465324634553
    vertex 890.77702247157 357.1468836330523 6.958505267880021
    vertex 890.77702247157 357.47568160766303 8.931293115544308
  endloop
endfacet
facet normal 0.6581321171498999 0.7426584131590405 -0.12377640219317441
  outer loop
    vertex 896.2711405103289 373.5256304406993 6.256301643371572
    vertex 898.0184134405778 371.69027568311907 4.534606592868881
    vertex 896.2711405103289 373.1968324660886 4.283513795707284
  endloop
endfacet
facet normal 0.6581321171498999 0.7426584131590405 -0.12377640219317441
  outer loop
    vertex 898.0184134405778 371.69027568311907 4.534606592868881
    vertex 896.2711405103289 373.5256304406993 6.256301643371572
    vertex 898.0184134405778 372.01907365772973 6.507394440533169
  endloop
endfacet
facet normal 0.9977521189783394 0.06610097244907837 -0.011016828741513409
  outer loop
    vertex 900.060359179311 367.6225129611695 5.212567046527145
    vertex 900.2158767601759 365.66731630400534 7.566020666153911
    vertex 900.2158767601759 365.3385183293946 5.593232818489623
  endloop
endfacet
facet normal 0.9977521189783394 0.06610097244907837 -0.011016828741513409
  outer loop
    vertex 900.2158767601759 365.66731630400534 7.566020666153911
    vertex 900.060359179311 367.6225129611695 5.212567046527145
    vertex 900.060359179311 367.95131093578016 7.185354894191432
  endloop
endfacet
facet normal -0.5569108060267197 0.8192714751320075 -0.13654524585533537
  outer loop
    vertex 885.4718767225787 372.48138238131685 4.402755476502585
    vertex 887.3993993166258 374.0850273516371 6.163068824881947
    vertex 887.3993993166258 373.7562293770264 4.190280977217659
  endloop
endfacet
facet normal -0.5569108060267197 0.8192714751320075 -0.13654524585533537
  outer loop
    vertex 887.3993993166258 374.0850273516371 6.163068824881947
    vertex 885.4718767225787 372.48138238131685 4.402755476502585
    vertex 885.4718767225787 372.8101803559275 6.375543324166872
  endloop
endfacet
facet normal -0.3229665995655322 0.933533431708459 -0.15558890528474412
  outer loop
    vertex 887.3993993166258 373.7562293770264 4.190280977217659
    vertex 889.5957491671152 374.82434322540905 6.039849512586616
    vertex 889.5957491671152 374.49554525079833 4.067061664922329
  endloop
endfacet
facet normal -0.3229665995655322 0.933533431708459 -0.15558890528474412
  outer loop
    vertex 889.5957491671152 374.82434322540905 6.039849512586616
    vertex 887.3993993166258 373.7562293770264 4.190280977217659
    vertex 887.3993993166258 374.0850273516371 6.163068824881947
  endloop
endfacet
facet normal 0.5569108060267064 -0.8192714751320163 0.1365452458553368
  outer loop
    vertex 897.2163944103668 359.6432460739586 8.5700323711617
    vertex 895.2888718163198 358.0396011036384 6.809719022782339
    vertex 897.2163944103668 359.31444809934794 6.5972445234974115
  endloop
endfacet
facet normal 0.5569108060267064 -0.8192714751320163 0.1365452458553368
  outer loop
    vertex 895.2888718163198 358.0396011036384 6.809719022782339
    vertex 897.2163944103668 359.6432460739586 8.5700323711617
    vertex 895.2888718163198 358.3683990782491 8.782506870446626
  endloop
endfacet
facet normal 0.75290246139571 -0.6491775214354997 0.1081962535725838
  outer loop
    vertex 898.7437322685691 361.0379475010217 6.309994623218449
    vertex 897.2163944103668 359.6432460739586 8.5700323711617
    vertex 897.2163944103668 359.31444809934794 6.5972445234974115
  endloop
endfacet
facet normal 0.75290246139571 -0.6491775214354997 0.1081962535725838
  outer loop
    vertex 897.2163944103668 359.6432460739586 8.5700323711617
    vertex 898.7437322685691 361.0379475010217 6.309994623218449
    vertex 898.7437322685691 361.3667454756324 8.282782470882735
  endloop
endfacet
facet normal 0.8305723051792305 0.5493334351811544 -0.09155557253019324
  outer loop
    vertex 898.0184134405778 371.69027568311907 4.534606592868881
    vertex 899.3108453634719 370.1177770829125 6.824277203002713
    vertex 899.3108453634719 369.7889791083018 4.851489355338426
  endloop
endfacet
facet normal 0.8305723051792305 0.5493334351811544 -0.09155557253019324
  outer loop
    vertex 899.3108453634719 370.1177770829125 6.824277203002713
    vertex 898.0184134405778 371.69027568311907 4.534606592868881
    vertex 898.0184134405778 372.01907365772973 6.507394440533169
  endloop
endfacet
facet normal -0.06701275307157806 0.9841766276508807 -0.1640294379418145
  outer loop
    vertex 889.5957491671152 374.49554525079833 4.067061664922329
    vertex 891.9112486613756 374.97774482222314 6.014282579784265
    vertex 891.9112486613756 374.6489468476124 4.041494732119977
  endloop
endfacet
facet normal -0.06701275307157806 0.9841766276508807 -0.1640294379418145
  outer loop
    vertex 891.9112486613756 374.97774482222314 6.014282579784265
    vertex 889.5957491671152 374.49554525079833 4.067061664922329
    vertex 889.5957491671152 374.82434322540905 6.039849512586616
  endloop
endfacet
facet normal 0.06701275307157806 -0.9841766276508807 0.1640294379418145
  outer loop
    vertex 893.0925219658304 357.6290832044771 8.905726182741958
    vertex 890.77702247157 357.1468836330523 6.958505267880021
    vertex 893.0925219658304 357.3002852298664 6.93293833507767
  endloop
endfacet
facet normal 0.06701275307157806 -0.9841766276508807 0.1640294379418145
  outer loop
    vertex 890.77702247157 357.1468836330523 6.958505267880021
    vertex 893.0925219658304 357.6290832044771 8.905726182741958
    vertex 890.77702247157 357.47568160766303 8.931293115544308
  endloop
endfacet
facet normal -0.4408413129516737 -0.8853724475810838 0.1475620745968484
  outer loop
    vertex 888.5001707975285 357.58985037851085 6.884677476970267
    vertex 886.4171306226167 358.92779598918685 8.689274051957002
    vertex 886.4171306226167 358.5989980145762 6.716486204292714
  endloop
endfacet
facet normal -0.4408413129516737 -0.8853724475810838 0.1475620745968484
  outer loop
    vertex 886.4171306226167 358.92779598918685 8.689274051957002
    vertex 888.5001707975285 357.58985037851085 6.884677476970267
    vertex 888.5001707975285 357.9186483531215 8.857465324634553
  endloop
endfacet
facet normal 0.8975850582507765 -0.4348431924697098 0.07247386541161854
  outer loop
    vertex 899.7667998399354 363.0926456726531 5.967544927946552
    vertex 898.7437322685691 361.3667454756324 8.282782470882735
    vertex 898.7437322685691 361.0379475010217 6.309994623218449
  endloop
endfacet
facet normal 0.8975850582507765 -0.4348431924697098 0.07247386541161854
  outer loop
    vertex 898.7437322685691 361.3667454756324 8.282782470882735
    vertex 899.7667998399354 363.0926456726531 5.967544927946552
    vertex 899.7667998399354 363.42144364726374 7.940332775610839
  endloop
endfacet
facet normal 0.9810987167155036 -0.19087501854941874 0.03181250309156974
  outer loop
    vertex 900.2158767601759 365.3385183293946 5.593232818489623
    vertex 899.7667998399354 363.42144364726374 7.940332775610839
    vertex 899.7667998399354 363.0926456726531 5.967544927946552
  endloop
endfacet
facet normal 0.9810987167155036 -0.19087501854941874 0.03181250309156974
  outer loop
    vertex 899.7667998399354 363.42144364726374 7.940332775610839
    vertex 900.2158767601759 365.3385183293946 5.593232818489623
    vertex 900.2158767601759 365.66731630400534 7.566020666153911
  endloop
endfacet
facet normal 0.3229665995655494 -0.9335334317084533 0.15558890528474317
  outer loop
    vertex 895.2888718163198 358.3683990782491 8.782506870446626
    vertex 893.0925219658304 357.3002852298664 6.93293833507767
    vertex 895.2888718163198 358.0396011036384 6.809719022782339
  endloop
endfacet
facet normal 0.3229665995655494 -0.9335334317084533 0.15558890528474317
  outer loop
    vertex 893.0925219658304 357.3002852298664 6.93293833507767
    vertex 895.2888718163198 358.3683990782491 8.782506870446626
    vertex 893.0925219658304 357.6290832044771 8.905726182741958
  endloop
endfacet
facet normal 0.9464103631961436 0.31857229141220184 -0.053095381902034264
  outer loop
    vertex 899.3108453634719 369.7889791083018 4.851489355338426
    vertex 900.060359179311 367.95131093578016 7.185354894191432
    vertex 900.060359179311 367.6225129611695 5.212567046527145
  endloop
endfacet
facet normal 0.9464103631961436 0.31857229141220184 -0.053095381902034264
  outer loop
    vertex 900.060359179311 367.95131093578016 7.185354894191432
    vertex 899.3108453634719 369.7889791083018 4.851489355338426
    vertex 899.3108453634719 370.1177770829125 6.824277203002713
  endloop
endfacet
facet normal 0.4408413129516737 0.8853724475810838 -0.1475620745968484
  outer loop
    vertex 894.1881003354171 374.5347780767646 6.088110370694019
    vertex 896.2711405103289 373.1968324660886 4.283513795707284
    vertex 894.1881003354171 374.20598010215394 4.1153225230297314
  endloop
endfacet
facet normal 0.4408413129516737 0.8853724475810838 -0.1475620745968484
  outer loop
    vertex 896.2711405103289 373.1968324660886 4.283513795707284
    vertex 894.1881003354171 374.5347780767646 6.088110370694019
    vertex 896.2711405103289 373.5256304406993 6.256301643371572
  endloop
endfacet
facet normal 0.19350790180041189 0.9677498128476835 -0.16129163547461503
  outer loop
    vertex 891.9112486613756 374.97774482222314 6.014282579784265
    vertex 894.1881003354171 374.20598010215394 4.1153225230297314
    vertex 891.9112486613756 374.6489468476124 4.041494732119977
  endloop
endfacet
facet normal 0.19350790180041189 0.9677498128476835 -0.16129163547461503
  outer loop
    vertex 894.1881003354171 374.20598010215394 4.1153225230297314
    vertex 891.9112486613756 374.97774482222314 6.014282579784265
    vertex 894.1881003354171 374.5347780767646 6.088110370694019
  endloop
endfacet
facet normal 2.7821208932057013e-16 0.16439898730535837 0.9863939238321436
  outer loop
    vertex 882.6279119536345 364.50211549410596 7.760220801137139
    vertex 882.9214712930102 369.03198278262244 7.005242919717733
    vertex 882.4723943727697 366.78611012588084 7.379555029174661
  endloop
endfacet
facet normal 2.7821208932057013e-16 0.16439898730535837 0.9863939238321436
  outer loop
    vertex 882.9214712930102 369.03198278262244 7.005242919717733
    vertex 882.6279119536345 364.50211549410596 7.760220801137139
    vertex 883.3774257694737 362.33564934697364 8.12129849232586
  endloop
endfacet
facet normal 2.7821208932057013e-16 0.16439898730535837 0.9863939238321436
  outer loop
    vertex 882.9214712930102 369.03198278262244 7.005242919717733
    vertex 883.3774257694737 362.33564934697364 8.12129849232586
    vertex 883.9445388643763 371.0866809542538 6.662793224445837
  endloop
endfacet
facet normal 2.7821208932057013e-16 0.16439898730535837 0.9863939238321436
  outer loop
    vertex 883.9445388643763 371.0866809542538 6.662793224445837
    vertex 883.3774257694737 362.33564934697364 8.12129849232586
    vertex 884.6698576923677 360.4343527721564 8.438181254795404
  endloop
endfacet
facet normal 2.7821208932057013e-16 0.16439898730535837 0.9863939238321436
  outer loop
    vertex 883.9445388643763 371.0866809542538 6.662793224445837
    vertex 884.6698576923677 360.4343527721564 8.438181254795404
    vertex 885.4718767225787 372.8101803559275 6.375543324166872
  endloop
endfacet
facet normal 2.7821208932057013e-16 0.16439898730535837 0.9863939238321436
  outer loop
    vertex 885.4718767225787 372.8101803559275 6.375543324166872
    vertex 884.6698576923677 360.4343527721564 8.438181254795404
    vertex 886.4171306226167 358.92779598918685 8.689274051957002
  endloop
endfacet
facet normal 2.7821208932057013e-16 0.16439898730535837 0.9863939238321436
  outer loop
    vertex 885.4718767225787 372.8101803559275 6.375543324166872
    vertex 886.4171306226167 358.92779598918685 8.689274051957002
    vertex 887.3993993166258 374.0850273516371 6.163068824881947
  endloop
endfacet
facet normal 2.7821208932057013e-16 0.16439898730535837 0.9863939238321436
  outer loop
    vertex 887.3993993166258 374.0850273516371 6.163068824881947
    vertex 886.4171306226167 358.92779598918685 8.689274051957002
    vertex 888.5001707975285 357.9186483531215 8.857465324634553
  endloop
endfacet
facet normal 2.7821208932057013e-16 0.16439898730535837 0.9863939238321436
  outer loop
    vertex 887.3993993166258 374.0850273516371 6.163068824881947
    vertex 888.5001707975285 357.9186483531215 8.857465324634553
    vertex 889.5957491671152 374.82434322540905 6.039849512586616
  endloop
endfacet
facet normal 2.7821208932057013e-16 0.16439898730535837 0.9863939238321436
  outer loop
    vertex 889.5957491671152 374.82434322540905 6.039849512586616
    vertex 888.5001707975285 357.9186483531215 8.857465324634553
    vertex 890.77702247157 357.47568160766303 8.931293115544308
  endloop
endfacet
facet normal 2.7821208932057013e-16 0.16439898730535837 0.9863939238321436
  outer loop
    vertex 889.5957491671152 374.82434322540905 6.039849512586616
    vertex 890.77702247157 357.47568160766303 8.931293115544308
    vertex 891.9112486613756 374.97774482222314 6.014282579784265
  endloop
endfacet
facet normal 2.7821208932057013e-16 0.16439898730535837 0.9863939238321436
  outer loop
    vertex 891.9112486613756 374.97774482222314 6.014282579784265
    vertex 890.77702247157 357.47568160766303 8.931293115544308
    vertex 893.0925219658304 357.6290832044771 8.905726182741958
  endloop
endfacet
facet normal 2.7821208932057013e-16 0.16439898730535837 0.9863939238321436
  outer loop
    vertex 891.9112486613756 374.97774482222314 6.014282579784265
    vertex 893.0925219658304 357.6290832044771 8.905726182741958
    vertex 894.1881003354171 374.5347780767646 6.088110370694019
  endloop
endfacet
facet normal 2.7821208932057013e-16 0.16439898730535837 0.9863939238321436
  outer loop
    vertex 894.1881003354171 374.5347780767646 6.088110370694019
    vertex 893.0925219658304 357.6290832044771 8.905726182741958
    vertex 895.2888718163198 358.3683990782491 8.782506870446626
  endloop
endfacet
facet normal 2.7821208932057013e-16 0.16439898730535837 0.9863939238321436
  outer loop
    vertex 894.1881003354171 374.5347780767646 6.088110370694019
    vertex 895.2888718163198 358.3683990782491 8.782506870446626
    vertex 896.2711405103289 373.5256304406993 6.256301643371572
  endloop
endfacet
facet normal 2.7821208932057013e-16 0.16439898730535837 0.9863939238321436
  outer loop
    vertex 896.2711405103289 373.5256304406993 6.256301643371572
    vertex 895.2888718163198 358.3683990782491 8.782506870446626
    vertex 897.2163944103668 359.6432460739586 8.5700323711617
  endloop
endfacet
facet normal 2.7821208932057013e-16 0.16439898730535837 0.9863939238321436
  outer loop
    vertex 896.2711405103289 373.5256304406993 6.256301643371572
    vertex 897.2163944103668 359.6432460739586 8.5700323711617
    vertex 898.0184134405778 372.01907365772973 6.507394440533169
  endloop
endfacet
facet normal 2.7821208932057013e-16 0.16439898730535837 0.9863939238321436
  outer loop
    vertex 898.0184134405778 372.01907365772973 6.507394440533169
    vertex 897.2163944103668 359.6432460739586 8.5700323711617
    vertex 898.7437322685691 361.3667454756324 8.282782470882735
  endloop
endfacet
facet normal 2.7821208932057013e-16 0.16439898730535837 0.9863939238321436
  outer loop
    vertex 898.0184134405778 372.01907365772973 6.507394440533169
    vertex 898.7437322685691 361.3667454756324 8.282782470882735
    vertex 899.3108453634719 370.1177770829125 6.824277203002713
  endloop
endfacet
facet normal 2.7821208932057013e-16 0.16439898730535837 0.9863939238321436
  outer loop
    vertex 899.3108453634719 370.1177770829125 6.824277203002713
    vertex 898.7437322685691 361.3667454756324 8.282782470882735
    vertex 899.7667998399354 363.42144364726374 7.940332775610839
  endloop
endfacet
facet normal 2.7821208932057013e-16 0.16439898730535837 0.9863939238321436
  outer loop
    vertex 899.3108453634719 370.1177770829125 6.824277203002713
    vertex 899.7667998399354 363.42144364726374 7.940332775610839
    vertex 900.060359179311 367.95131093578016 7.185354894191432
  endloop
endfacet
facet normal 2.7821208932057013e-16 0.16439898730535837 0.9863939238321436
  outer loop
    vertex 900.060359179311 367.95131093578016 7.185354894191432
    vertex 899.7667998399354 363.42144364726374 7.940332775610839
    vertex 900.2158767601759 365.66731630400534 7.566020666153911
  endloop
endfacet
facet normal -0.9810987167155036 0.19087501854941874 -0.03181250309156974
  outer loop
    vertex 882.4723943727697 366.78611012588084 7.379555029174661
    vertex 882.9214712930102 368.7031848080117 5.0324550720534456
    vertex 882.4723943727697 366.4573121512702 5.406767181510374
  endloop
endfacet
facet normal -0.9810987167155036 0.19087501854941874 -0.03181250309156974
  outer loop
    vertex 882.9214712930102 368.7031848080117 5.0324550720534456
    vertex 882.4723943727697 366.78611012588084 7.379555029174661
    vertex 882.9214712930102 369.03198278262244 7.005242919717733
  endloop
endfacet
facet normal -0.7529024613957102 0.6491775214354996 -0.10819625357258378
  outer loop
    vertex 883.9445388643763 371.0866809542538 6.662793224445837
    vertex 885.4718767225787 372.48138238131685 4.402755476502585
    vertex 883.9445388643763 370.75788297964306 4.690005376781549
  endloop
endfacet
facet normal -0.7529024613957102 0.6491775214354996 -0.10819625357258378
  outer loop
    vertex 885.4718767225787 372.48138238131685 4.402755476502585
    vertex 883.9445388643763 371.0866809542538 6.662793224445837
    vertex 885.4718767225787 372.8101803559275 6.375543324166872
  endloop
endfacet
facet normal -0.9464103631961436 -0.31857229141220184 0.053095381902034264
  outer loop
    vertex 883.3774257694737 362.33564934697364 8.12129849232586
    vertex 882.6279119536345 364.1733175194953 5.787432953472853
    vertex 883.3774257694737 362.006851372363 6.148510644661571
  endloop
endfacet
facet normal -0.9464103631961436 -0.31857229141220184 0.053095381902034264
  outer loop
    vertex 882.6279119536345 364.1733175194953 5.787432953472853
    vertex 883.3774257694737 362.33564934697364 8.12129849232586
    vertex 882.6279119536345 364.50211549410596 7.760220801137139
  endloop
endfacet
facet normal -0.8975850582507765 0.4348431924697098 -0.07247386541161854
  outer loop
    vertex 882.9214712930102 369.03198278262244 7.005242919717733
    vertex 883.9445388643763 370.75788297964306 4.690005376781549
    vertex 882.9214712930102 368.7031848080117 5.0324550720534456
  endloop
endfacet
facet normal -0.8975850582507765 0.4348431924697098 -0.07247386541161854
  outer loop
    vertex 883.9445388643763 370.75788297964306 4.690005376781549
    vertex 882.9214712930102 369.03198278262244 7.005242919717733
    vertex 883.9445388643763 371.0866809542538 6.662793224445837
  endloop
endfacet
facet normal -0.6581321171498999 -0.7426584131590405 0.12377640219317441
  outer loop
    vertex 886.4171306226167 358.5989980145762 6.716486204292714
    vertex 884.6698576923677 360.4343527721564 8.438181254795404
    vertex 884.6698576923677 360.1055547975457 6.465393407131117
  endloop
endfacet
facet normal -0.6581321171498999 -0.7426584131590405 0.12377640219317441
  outer loop
    vertex 884.6698576923677 360.4343527721564 8.438181254795404
    vertex 886.4171306226167 358.5989980145762 6.716486204292714
    vertex 886.4171306226167 358.92779598918685 8.689274051957002
  endloop
endfacet
facet normal -0.9977521189783394 -0.06610097244907837 0.011016828741513409
  outer loop
    vertex 882.6279119536345 364.50211549410596 7.760220801137139
    vertex 882.4723943727697 366.4573121512702 5.406767181510374
    vertex 882.6279119536345 364.1733175194953 5.787432953472853
  endloop
endfacet
facet normal -0.9977521189783394 -0.06610097244907837 0.011016828741513409
  outer loop
    vertex 882.4723943727697 366.4573121512702 5.406767181510374
    vertex 882.6279119536345 364.50211549410596 7.760220801137139
    vertex 882.4723943727697 366.78611012588084 7.379555029174661
  endloop
endfacet
facet normal -0.8305723051792305 -0.5493334351811544 0.09155557253019324
  outer loop
    vertex 884.6698576923677 360.4343527721564 8.438181254795404
    vertex 883.3774257694737 362.006851372363 6.148510644661571
    vertex 884.6698576923677 360.1055547975457 6.465393407131117
  endloop
endfacet
facet normal -0.8305723051792305 -0.5493334351811544 0.09155557253019324
  outer loop
    vertex 883.3774257694737 362.006851372363 6.148510644661571
    vertex 884.6698576923677 360.4343527721564 8.438181254795404
    vertex 883.3774257694737 362.33564934697364 8.12129849232586
  endloop
endfacet
facet normal 0.6087614290087017 -0.7933533402912497 0.0
  outer loop
    vertex 899.350863550118 357.7661872566871 3.0
    vertex 896.9691355664726 355.93862309681134 1.9999999999999998
    vertex 899.350863550118 357.7661872566871 1.9999999999999998
  endloop
endfacet
facet normal 0.6087614290087017 -0.7933533402912497 0.0
  outer loop
    vertex 896.9691355664726 355.93862309681134 1.9999999999999998
    vertex 899.350863550118 357.7661872566871 3.0
    vertex 896.9691355664726 355.93862309681134 3.0
  endloop
endfacet
facet normal -0.9238795325112852 -0.38268343236509356 -0.0
  outer loop
    vertex 880.1109885641483 362.9214962216534 3.0
    vertex 881.2598434229516 360.1479152403324 1.9999999999999998
    vertex 881.2598434229516 360.1479152403324 3.0
  endloop
endfacet
facet normal -0.9238795325112852 -0.38268343236509356 -0.0
  outer loop
    vertex 881.2598434229516 360.1479152403324 1.9999999999999998
    vertex 880.1109885641483 362.9214962216534 3.0
    vertex 880.1109885641483 362.9214962216534 1.9999999999999998
  endloop
endfacet
facet normal 0.38268343236510416 -0.9238795325112807 0.0
  outer loop
    vertex 896.9691355664726 355.93862309681134 3.0
    vertex 894.1955545851516 354.7897682380081 1.9999999999999998
    vertex 896.9691355664726 355.93862309681134 1.9999999999999998
  endloop
endfacet
facet normal 0.38268343236510416 -0.9238795325112807 0.0
  outer loop
    vertex 894.1955545851516 354.7897682380081 1.9999999999999998
    vertex 896.9691355664726 355.93862309681134 3.0
    vertex 894.1955545851516 354.7897682380081 3.0
  endloop
endfacet
facet normal -0.13052619222004444 -0.9914448613738114 -0.0
  outer loop
    vertex 891.2191355664726 354.3979152403324 3.0
    vertex 888.2427165477936 354.7897682380081 1.9999999999999998
    vertex 891.2191355664726 354.3979152403324 1.9999999999999998
  endloop
endfacet
facet normal -0.13052619222004444 -0.9914448613738114 -0.0
  outer loop
    vertex 888.2427165477936 354.7897682380081 1.9999999999999998
    vertex 891.2191355664726 354.3979152403324 3.0
    vertex 888.2427165477936 354.7897682380081 3.0
  endloop
endfacet
facet normal -0.7933533402912548 -0.6087614290086951 -0.0
  outer loop
    vertex 881.2598434229516 360.1479152403324 3.0
    vertex 883.0874075828273 357.7661872566871 1.9999999999999998
    vertex 883.0874075828273 357.7661872566871 3.0
  endloop
endfacet
facet normal -0.7933533402912548 -0.6087614290086951 -0.0
  outer loop
    vertex 883.0874075828273 357.7661872566871 1.9999999999999998
    vertex 881.2598434229516 360.1479152403324 3.0
    vertex 881.2598434229516 360.1479152403324 1.9999999999999998
  endloop
endfacet
facet normal -0.6087614290087017 -0.7933533402912497 -0.0
  outer loop
    vertex 885.4691355664727 355.93862309681134 3.0
    vertex 883.0874075828273 357.7661872566871 1.9999999999999998
    vertex 885.4691355664727 355.93862309681134 1.9999999999999998
  endloop
endfacet
facet normal -0.6087614290087017 -0.7933533402912497 -0.0
  outer loop
    vertex 883.0874075828273 357.7661872566871 1.9999999999999998
    vertex 885.4691355664727 355.93862309681134 3.0
    vertex 883.0874075828273 357.7661872566871 3.0
  endloop
endfacet
facet normal 0.9238795325112874 -0.3826834323650882 0.0
  outer loop
    vertex 902.3272825687969 362.9214962216534 1.9999999999999998
    vertex 901.1784277099937 360.1479152403324 3.0
    vertex 901.1784277099937 360.1479152403324 1.9999999999999998
  endloop
endfacet
facet normal 0.9238795325112874 -0.3826834323650882 0.0
  outer loop
    vertex 901.1784277099937 360.1479152403324 3.0
    vertex 902.3272825687969 362.9214962216534 1.9999999999999998
    vertex 902.3272825687969 362.9214962216534 3.0
  endloop
endfacet
facet normal 0.7933533402912548 -0.6087614290086951 0.0
  outer loop
    vertex 901.1784277099937 360.1479152403324 1.9999999999999998
    vertex 899.350863550118 357.7661872566871 3.0
    vertex 899.350863550118 357.7661872566871 1.9999999999999998
  endloop
endfacet
facet normal 0.7933533402912548 -0.6087614290086951 0.0
  outer loop
    vertex 899.350863550118 357.7661872566871 3.0
    vertex 901.1784277099937 360.1479152403324 1.9999999999999998
    vertex 901.1784277099937 360.1479152403324 3.0
  endloop
endfacet
facet normal -0.38268343236510416 -0.9238795325112807 -0.0
  outer loop
    vertex 888.2427165477936 354.7897682380081 3.0
    vertex 885.4691355664727 355.93862309681134 1.9999999999999998
    vertex 888.2427165477936 354.7897682380081 1.9999999999999998
  endloop
endfacet
facet normal -0.38268343236510416 -0.9238795325112807 -0.0
  outer loop
    vertex 885.4691355664727 355.93862309681134 1.9999999999999998
    vertex 888.2427165477936 354.7897682380081 3.0
    vertex 885.4691355664727 355.93862309681134 3.0
  endloop
endfacet
facet normal 0.13052619222004444 -0.9914448613738114 0.0
  outer loop
    vertex 894.1955545851516 354.7897682380081 3.0
    vertex 891.2191355664726 354.3979152403324 1.9999999999999998
    vertex 894.1955545851516 354.7897682380081 1.9999999999999998
  endloop
endfacet
facet normal 0.13052619222004444 -0.9914448613738114 0.0
  outer loop
    vertex 891.2191355664726 354.3979152403324 1.9999999999999998
    vertex 894.1955545851516 354.7897682380081 3.0
    vertex 891.2191355664726 354.3979152403324 3.0
  endloop
endfacet
facet normal 0.0 -1.0 0.0
  outer loop
    vertex 897.2191355664727 362.8979152403324 5.999999999999999
    vertex 885.4691355664727 362.8979152403324 3.0
    vertex 897.2191355664727 362.8979152403324 3.0
  endloop
endfacet
facet normal 0.0 -1.0 0.0
  outer loop
    vertex 885.4691355664727 362.8979152403324 3.0
    vertex 897.2191355664727 362.8979152403324 5.999999999999999
    vertex 885.4691355664727 362.8979152403324 5.999999999999999
  endloop
endfacet
facet normal -0.6087614290087017 0.7933533402912497 0.0
  outer loop
    vertex 883.0874075828273 374.0296432239777 3.0
    vertex 885.4691355664727 375.85720738385345 1.9999999999999998
    vertex 883.0874075828273 374.0296432239777 1.9999999999999998
  endloop
endfacet
facet normal -0.6087614290087017 0.7933533402912497 0.0
  outer loop
    vertex 885.4691355664727 375.85720738385345 1.9999999999999998
    vertex 883.0874075828273 374.0296432239777 3.0
    vertex 885.4691355664727 375.85720738385345 3.0
  endloop
endfacet
facet normal 0.13052619222004444 0.9914448613738114 0.0
  outer loop
    vertex 891.2191355664726 377.3979152403324 3.0
    vertex 894.1955545851516 377.0060622426567 1.9999999999999998
    vertex 891.2191355664726 377.3979152403324 1.9999999999999998
  endloop
endfacet
facet normal 0.13052619222004444 0.9914448613738114 0.0
  outer loop
    vertex 894.1955545851516 377.0060622426567 1.9999999999999998
    vertex 891.2191355664726 377.3979152403324 3.0
    vertex 894.1955545851516 377.0060622426567 3.0
  endloop
endfacet
facet normal -0.9914448613738053 0.1305261922200907 0.0
  outer loop
    vertex 880.1109885641483 368.8743342590114 3.0
    vertex 879.7191355664726 365.8979152403324 1.9999999999999998
    vertex 879.7191355664726 365.8979152403324 3.0
  endloop
endfacet
facet normal -0.9914448613738053 0.1305261922200907 0.0
  outer loop
    vertex 879.7191355664726 365.8979152403324 1.9999999999999998
    vertex 880.1109885641483 368.8743342590114 3.0
    vertex 880.1109885641483 368.8743342590114 1.9999999999999998
  endloop
endfacet
facet normal -0.9914448613738053 -0.1305261922200907 -0.0
  outer loop
    vertex 879.7191355664726 365.8979152403324 3.0
    vertex 880.1109885641483 362.9214962216534 1.9999999999999998
    vertex 880.1109885641483 362.9214962216534 3.0
  endloop
endfacet
facet normal -0.9914448613738053 -0.1305261922200907 -0.0
  outer loop
    vertex 880.1109885641483 362.9214962216534 1.9999999999999998
    vertex 879.7191355664726 365.8979152403324 3.0
    vertex 879.7191355664726 365.8979152403324 1.9999999999999998
  endloop
endfacet
facet normal -0.13052619222004444 0.9914448613738114 0.0
  outer loop
    vertex 888.2427165477936 377.0060622426567 3.0
    vertex 891.2191355664726 377.3979152403324 1.9999999999999998
    vertex 888.2427165477936 377.0060622426567 1.9999999999999998
  endloop
endfacet
facet normal -0.13052619222004444 0.9914448613738114 0.0
  outer loop
    vertex 891.2191355664726 377.3979152403324 1.9999999999999998
    vertex 888.2427165477936 377.0060622426567 3.0
    vertex 891.2191355664726 377.3979152403324 3.0
  endloop
endfacet
facet normal 0.7933533402912257 0.608761429008733 0.0
  outer loop
    vertex 899.3508635501179 374.0296432239777 1.9999999999999998
    vertex 901.1784277099937 371.6479152403324 3.0
    vertex 901.1784277099937 371.6479152403324 1.9999999999999998
  endloop
endfacet
facet normal 0.7933533402912257 0.608761429008733 0.0
  outer loop
    vertex 901.1784277099937 371.6479152403324 3.0
    vertex 899.3508635501179 374.0296432239777 1.9999999999999998
    vertex 899.3508635501179 374.0296432239777 3.0
  endloop
endfacet
facet normal -0.7933533402912548 0.6087614290086951 0.0
  outer loop
    vertex 883.0874075828273 374.0296432239777 3.0
    vertex 881.2598434229516 371.6479152403324 1.9999999999999998
    vertex 881.2598434229516 371.6479152403324 3.0
  endloop
endfacet
facet normal -0.7933533402912548 0.6087614290086951 0.0
  outer loop
    vertex 881.2598434229516 371.6479152403324 1.9999999999999998
    vertex 883.0874075828273 374.0296432239777 3.0
    vertex 883.0874075828273 374.0296432239777 1.9999999999999998
  endloop
endfacet
facet normal 0.38268343236510416 0.9238795325112807 0.0
  outer loop
    vertex 894.1955545851516 377.0060622426567 3.0
    vertex 896.9691355664726 375.85720738385345 1.9999999999999998
    vertex 894.1955545851516 377.0060622426567 1.9999999999999998
  endloop
endfacet
facet normal 0.38268343236510416 0.9238795325112807 0.0
  outer loop
    vertex 896.9691355664726 375.85720738385345 1.9999999999999998
    vertex 894.1955545851516 377.0060622426567 3.0
    vertex 896.9691355664726 375.85720738385345 3.0
  endloop
endfacet
facet normal 0.6087614290087306 0.7933533402912274 0.0
  outer loop
    vertex 896.9691355664726 375.85720738385345 3.0
    vertex 899.3508635501179 374.0296432239777 1.9999999999999998
    vertex 896.9691355664726 375.85720738385345 1.9999999999999998
  endloop
endfacet
facet normal 0.6087614290087306 0.7933533402912274 0.0
  outer loop
    vertex 899.3508635501179 374.0296432239777 1.9999999999999998
    vertex 896.9691355664726 375.85720738385345 3.0
    vertex 899.3508635501179 374.0296432239777 3.0
  endloop
endfacet
facet normal -0.9238795325112852 0.38268343236509356 0.0
  outer loop
    vertex 881.2598434229516 371.6479152403324 3.0
    vertex 880.1109885641483 368.8743342590114 1.9999999999999998
    vertex 880.1109885641483 368.8743342590114 3.0
  endloop
endfacet
facet normal -0.9238795325112852 0.38268343236509356 0.0
  outer loop
    vertex 880.1109885641483 368.8743342590114 1.9999999999999998
    vertex 881.2598434229516 371.6479152403324 3.0
    vertex 881.2598434229516 371.6479152403324 1.9999999999999998
  endloop
endfacet
facet normal -0.38268343236510416 0.9238795325112807 0.0
  outer loop
    vertex 885.4691355664727 375.85720738385345 3.0
    vertex 888.2427165477936 377.0060622426567 1.9999999999999998
    vertex 885.4691355664727 375.85720738385345 1.9999999999999998
  endloop
endfacet
facet normal -0.38268343236510416 0.9238795325112807 0.0
  outer loop
    vertex 888.2427165477936 377.0060622426567 1.9999999999999998
    vertex 885.4691355664727 375.85720738385345 3.0
    vertex 888.2427165477936 377.0060622426567 3.0
  endloop
endfacet
endsolid doomsdaybase
